DEPT_ID,ADMIT_DATE,mean,lo,hi,trial,window
ORTHOPEDICS,2025-07-17,48.805550032,43.103415725,54.915899835,sf_forecast_base,1
ORTHOPEDICS,2025-07-18,42.405707043,36.328719001,48.027886318,sf_forecast_base,1
ORTHOPEDICS,2025-07-19,19.409569909,14.031438312,24.588406541,sf_forecast_base,1
ORTHOPEDICS,2025-07-20,16.960123614,11.427363541,22.314368725,sf_forecast_base,1
ORTHOPEDICS,2025-07-21,50.065165535,43.027817174,57.441446843,sf_forecast_base,1
ORTHOPEDICS,2025-07-22,49.453264075,42.075291842,57.153909655,sf_forecast_base,1
ORTHOPEDICS,2025-07-23,49.18025579,41.632378196,56.482960258,sf_forecast_base,1
ORTHOPEDICS,2025-07-24,46.265667652,38.238421851,54.202730312,sf_forecast_base,1
ORTHOPEDICS,2025-07-25,49.233103758,40.639904286,57.706162542,sf_forecast_base,1
ORTHOPEDICS,2025-07-26,22.036198116,15.054353335,29.01613537,sf_forecast_base,1
ORTHOPEDICS,2025-07-27,17.829680764,10.561797997,25.02464343,sf_forecast_base,1
ORTHOPEDICS,2025-07-28,53.839941668,44.869265302,62.828688661,sf_forecast_base,1
ORTHOPEDICS,2025-07-29,54.34382066,44.99179328,63.182384092,sf_forecast_base,1
ORTHOPEDICS,2025-07-30,48.617208519,39.274517051,57.671401117,sf_forecast_base,1
ORTHOPEDICS,2025-07-31,48.556321968,38.994070925,57.905306426,sf_forecast_base,1
ORTHOPEDICS,2025-08-01,44.653046526,35.043085662,54.172707014,sf_forecast_base,1
ORTHOPEDICS,2025-08-02,21.536068125,12.844999878,30.093564204,sf_forecast_base,1
ORTHOPEDICS,2025-08-03,19.780523011,11.180661525,28.414807092,sf_forecast_base,1
ORTHOPEDICS,2025-08-04,50.08894564,39.182406763,60.746761246,sf_forecast_base,1
ORTHOPEDICS,2025-08-05,53.046550647,42.403988192,63.192042119,sf_forecast_base,1
ORTHOPEDICS,2025-08-06,50.872753427,39.697734086,61.468066782,sf_forecast_base,1
ORTHOPEDICS,2025-08-07,49.770862784,39.214158415,60.457815286,sf_forecast_base,1
ORTHOPEDICS,2025-08-08,48.19776705,37.167259754,58.808463278,sf_forecast_base,1
ORTHOPEDICS,2025-08-09,23.008311702,13.277724115,32.696583204,sf_forecast_base,1
ORTHOPEDICS,2025-08-10,18.978242481,9.246956785,28.668347485,sf_forecast_base,1
ORTHOPEDICS,2025-08-11,49.992630338,38.022733297,61.602653263,sf_forecast_base,1
ORTHOPEDICS,2025-08-12,52.803790614,41.354531381,64.288328119,sf_forecast_base,1
ORTHOPEDICS,2025-08-13,50.094259216,38.173280841,61.687772984,sf_forecast_base,1
ELECTIVE_SURGERY,2025-07-17,33.94208849,22.486660431,45.397516548,sf_forecast_base,1
ELECTIVE_SURGERY,2025-07-18,28.916739077,17.374364422,40.459117652,sf_forecast_base,1
ELECTIVE_SURGERY,2025-07-19,1.036376406,0.0,12.665021221,sf_forecast_base,1
ELECTIVE_SURGERY,2025-07-20,2.216966803,0.0,13.931216035,sf_forecast_base,1
ELECTIVE_SURGERY,2025-07-21,38.539485066,26.740278367,50.338688798,sf_forecast_base,1
ELECTIVE_SURGERY,2025-07-22,38.116488894,26.232962403,50.000018776,sf_forecast_base,1
ELECTIVE_SURGERY,2025-07-23,35.748261526,23.781029575,47.715494642,sf_forecast_base,1
ELECTIVE_SURGERY,2025-07-24,37.752396558,25.702067186,49.802731546,sf_forecast_base,1
ELECTIVE_SURGERY,2025-07-25,26.502711652,14.36987198,38.63555302,sf_forecast_base,1
ELECTIVE_SURGERY,2025-07-26,2.320600039,0.0,14.535370476,sf_forecast_base,1
ELECTIVE_SURGERY,2025-07-27,2.880323287,0.0,15.176457813,sf_forecast_base,1
ELECTIVE_SURGERY,2025-07-28,37.198239122,24.821296297,49.575184702,sf_forecast_base,1
ELECTIVE_SURGERY,2025-07-29,35.062681877,22.605470715,47.51989378,sf_forecast_base,1
ELECTIVE_SURGERY,2025-07-30,34.517393459,21.980447643,47.05434256,sf_forecast_base,1
ELECTIVE_SURGERY,2025-07-31,32.710580979,20.09441866,45.326744094,sf_forecast_base,1
ELECTIVE_SURGERY,2025-08-01,29.260995964,16.566129269,41.955864619,sf_forecast_base,1
ELECTIVE_SURGERY,2025-08-02,3.144063791,0.0,15.917136164,sf_forecast_base,1
ELECTIVE_SURGERY,2025-08-03,2.022084654,0.0,14.872871189,sf_forecast_base,1
ELECTIVE_SURGERY,2025-08-04,33.77084796,20.842827168,46.698865732,sf_forecast_base,1
ELECTIVE_SURGERY,2025-08-05,35.900300521,22.895519648,48.905079592,sf_forecast_base,1
ELECTIVE_SURGERY,2025-08-06,35.939980154,22.858903512,49.021058068,sf_forecast_base,1
ELECTIVE_SURGERY,2025-08-07,33.378212328,20.22129305,46.535132454,sf_forecast_base,1
ELECTIVE_SURGERY,2025-08-08,23.771344743,10.539028598,37.003659564,sf_forecast_base,1
ELECTIVE_SURGERY,2025-08-09,2.337253094,0.0,15.644525697,sf_forecast_base,1
ELECTIVE_SURGERY,2025-08-10,1.868310826,0.0,15.250109651,sf_forecast_base,1
ELECTIVE_SURGERY,2025-08-11,35.520265674,22.06436302,48.976166315,sf_forecast_base,1
ELECTIVE_SURGERY,2025-08-12,34.742584567,21.212996883,48.272173629,sf_forecast_base,1
ELECTIVE_SURGERY,2025-08-13,33.96825448,20.365389297,47.571121465,sf_forecast_base,1
EMERGENCY,2025-07-17,105.352112433,77.592046807,133.112178058,sf_forecast_base,1
EMERGENCY,2025-07-18,105.021339424,77.174305477,132.86837337,sf_forecast_base,1
EMERGENCY,2025-07-19,104.697181875,76.754105802,132.640257947,sf_forecast_base,1
EMERGENCY,2025-07-20,104.379507477,76.331454297,132.427560656,sf_forecast_base,1
EMERGENCY,2025-07-21,104.068186567,75.906372594,132.230000539,sf_forecast_base,1
EMERGENCY,2025-07-22,103.763092075,75.478896239,132.047287911,sf_forecast_base,1
EMERGENCY,2025-07-23,103.464099473,75.049073494,131.879125452,sf_forecast_base,1
EMERGENCY,2025-07-24,103.171086723,74.616964165,131.725209282,sf_forecast_base,1
EMERGENCY,2025-07-25,102.883934228,74.182638434,131.585230023,sf_forecast_base,1
EMERGENCY,2025-07-26,102.602524783,73.746175738,131.458873828,sf_forecast_base,1
EMERGENCY,2025-07-27,102.326743527,73.307663676,131.345823378,sf_forecast_base,1
EMERGENCY,2025-07-28,102.056477896,72.867196954,131.245758838,sf_forecast_base,1
EMERGENCY,2025-07-29,101.791617578,72.42487638,131.158358775,sf_forecast_base,1
EMERGENCY,2025-07-30,101.532054466,71.980807911,131.083301021,sf_forecast_base,1
EMERGENCY,2025-07-31,101.277682616,71.535101743,131.020263489,sf_forecast_base,1
EMERGENCY,2025-08-01,101.028398203,71.087871465,130.968924941,sf_forecast_base,1
EMERGENCY,2025-08-02,100.784099479,70.639233264,130.928965694,sf_forecast_base,1
EMERGENCY,2025-08-03,100.544686729,70.189305184,130.900068274,sf_forecast_base,1
EMERGENCY,2025-08-04,100.310062234,69.738206448,130.88191802,sf_forecast_base,1
EMERGENCY,2025-08-05,100.080130229,69.28605683,130.874203627,sf_forecast_base,1
EMERGENCY,2025-08-06,99.854796864,68.832976087,130.87661764,sf_forecast_base,1
EMERGENCY,2025-08-07,99.633970166,68.379083435,130.888856897,sf_forecast_base,1
EMERGENCY,2025-08-08,99.417560002,67.924497091,130.910622913,sf_forecast_base,1
EMERGENCY,2025-08-09,99.205478042,67.46933385,130.941622233,sf_forecast_base,1
EMERGENCY,2025-08-10,98.99763772,67.013708719,130.981566722,sf_forecast_base,1
EMERGENCY,2025-08-11,98.793954206,66.55773459,131.030173821,sf_forecast_base,1
EMERGENCY,2025-08-12,98.594344361,66.101521962,131.087166761,sf_forecast_base,1
EMERGENCY,2025-08-13,98.398726713,65.64517869,131.152274737,sf_forecast_base,1
PEDIATRICS,2025-07-17,19.033335432,12.198972404,25.867698459,sf_forecast_base,1
PEDIATRICS,2025-07-18,18.534851859,11.723439574,25.346264145,sf_forecast_base,1
PEDIATRICS,2025-07-19,17.356653749,10.566415156,24.146892343,sf_forecast_base,1
PEDIATRICS,2025-07-20,16.066285243,9.281864499,22.850705986,sf_forecast_base,1
PEDIATRICS,2025-07-21,18.918866234,12.103270297,25.734462171,sf_forecast_base,1
PEDIATRICS,2025-07-22,19.145121765,12.295199192,25.995044337,sf_forecast_base,1
PEDIATRICS,2025-07-23,17.65182577,10.747580672,24.556070868,sf_forecast_base,1
PEDIATRICS,2025-07-24,17.916532138,11.024274251,24.808790024,sf_forecast_base,1
PEDIATRICS,2025-07-25,17.263752855,10.381618659,24.145887051,sf_forecast_base,1
PEDIATRICS,2025-07-26,16.211578031,9.337700719,23.085455343,sf_forecast_base,1
PEDIATRICS,2025-07-27,15.014108111,8.126488666,21.901727557,sf_forecast_base,1
PEDIATRICS,2025-07-28,18.103181136,11.149717472,25.056644799,sf_forecast_base,1
PEDIATRICS,2025-07-29,17.933036361,10.911985444,24.954087278,sf_forecast_base,1
PEDIATRICS,2025-07-30,17.240326147,10.126848995,24.353803298,sf_forecast_base,1
PEDIATRICS,2025-07-31,17.177927317,10.063570592,24.292284042,sf_forecast_base,1
PEDIATRICS,2025-08-01,16.951818328,9.834821654,24.068815003,sf_forecast_base,1
PEDIATRICS,2025-08-02,15.152570855,8.031197077,22.273944634,sf_forecast_base,1
PEDIATRICS,2025-08-03,15.00865934,7.855526815,22.161791865,sf_forecast_base,1
PEDIATRICS,2025-08-04,17.05818995,9.80901758,24.307362319,sf_forecast_base,1
PEDIATRICS,2025-08-05,16.84140007,9.496102989,24.186697151,sf_forecast_base,1
PEDIATRICS,2025-08-06,15.690810221,8.221145585,23.160474858,sf_forecast_base,1
PEDIATRICS,2025-08-07,16.352004335,8.869845223,23.834163447,sf_forecast_base,1
PEDIATRICS,2025-08-08,15.92978822,8.433639096,23.425937345,sf_forecast_base,1
PEDIATRICS,2025-08-09,15.089490547,7.577893581,22.601087512,sf_forecast_base,1
PEDIATRICS,2025-08-10,14.058105825,6.499790858,21.616420792,sf_forecast_base,1
PEDIATRICS,2025-08-11,16.383411577,8.705223546,24.061599609,sf_forecast_base,1
PEDIATRICS,2025-08-12,16.434479029,8.637845818,24.231112241,sf_forecast_base,1
PEDIATRICS,2025-08-13,15.605781207,7.660208818,23.551353597,sf_forecast_base,1
ONCOLOGY,2025-07-17,23.023730344,17.204124219,28.944108322,sf_forecast_base,1
ONCOLOGY,2025-07-18,25.297923809,19.302045577,31.187141295,sf_forecast_base,1
ONCOLOGY,2025-07-19,3.886941504,0.0,10.212059006,sf_forecast_base,1
ONCOLOGY,2025-07-20,3.694389032,0.0,9.972425903,sf_forecast_base,1
ONCOLOGY,2025-07-21,27.603391041,21.045495478,33.94597754,sf_forecast_base,1
ONCOLOGY,2025-07-22,26.609828573,20.090418432,33.039668101,sf_forecast_base,1
ONCOLOGY,2025-07-23,24.321701724,17.573822772,30.836733655,sf_forecast_base,1
ONCOLOGY,2025-07-24,25.130618113,18.304892098,31.730921638,sf_forecast_base,1
ONCOLOGY,2025-07-25,24.992307241,18.25958892,31.836222849,sf_forecast_base,1
ONCOLOGY,2025-07-26,4.923137732,0.0,11.751637498,sf_forecast_base,1
ONCOLOGY,2025-07-27,4.045208727,0.0,11.048930579,sf_forecast_base,1
ONCOLOGY,2025-07-28,28.409608036,21.252365645,35.596870662,sf_forecast_base,1
ONCOLOGY,2025-07-29,27.110029635,19.879964781,34.339880802,sf_forecast_base,1
ONCOLOGY,2025-07-30,30.327758194,22.948353182,37.723245545,sf_forecast_base,1
ONCOLOGY,2025-07-31,26.192449529,18.851347414,33.603572705,sf_forecast_base,1
ONCOLOGY,2025-08-01,21.510614743,13.922090214,29.206055204,sf_forecast_base,1
ONCOLOGY,2025-08-02,4.953022925,0.0,12.543691743,sf_forecast_base,1
ONCOLOGY,2025-08-03,2.749062058,0.0,10.298473915,sf_forecast_base,1
ONCOLOGY,2025-08-04,30.679433864,23.012292197,38.531296328,sf_forecast_base,1
ONCOLOGY,2025-08-05,27.752941311,19.868247434,35.685127003,sf_forecast_base,1
ONCOLOGY,2025-08-06,25.609824089,17.694193446,33.663809058,sf_forecast_base,1
ONCOLOGY,2025-08-07,27.867691905,19.88011129,35.803840604,sf_forecast_base,1
ONCOLOGY,2025-08-08,22.764775665,14.529506705,30.85408011,sf_forecast_base,1
ONCOLOGY,2025-08-09,5.087032678,0.0,13.273278113,sf_forecast_base,1
ONCOLOGY,2025-08-10,4.880014834,0.0,13.109360453,sf_forecast_base,1
ONCOLOGY,2025-08-11,28.021881616,19.887696284,36.287481192,sf_forecast_base,1
ONCOLOGY,2025-08-12,25.995660927,17.587255831,34.350414844,sf_forecast_base,1
ONCOLOGY,2025-08-13,23.253759367,14.901481939,31.858897488,sf_forecast_base,1
CARDIOLOGY,2025-07-17,38.859729759,29.192953258,48.839422295,sf_forecast_base,1
CARDIOLOGY,2025-07-18,44.960029062,35.040489152,54.490882053,sf_forecast_base,1
CARDIOLOGY,2025-07-19,14.656458163,5.417929633,23.91926902,sf_forecast_base,1
CARDIOLOGY,2025-07-20,17.775906835,8.703196703,26.79644709,sf_forecast_base,1
CARDIOLOGY,2025-07-21,39.680163883,29.699845383,49.6677532,sf_forecast_base,1
CARDIOLOGY,2025-07-22,43.377128241,33.545999349,53.300208276,sf_forecast_base,1
CARDIOLOGY,2025-07-23,41.724942739,31.611477562,51.487988283,sf_forecast_base,1
CARDIOLOGY,2025-07-24,43.776606445,33.705450793,53.607074269,sf_forecast_base,1
CARDIOLOGY,2025-07-25,32.907809517,22.98332952,42.86773332,sf_forecast_base,1
CARDIOLOGY,2025-07-26,14.099816022,4.904772646,23.301696622,sf_forecast_base,1
CARDIOLOGY,2025-07-27,11.732050762,2.551417331,20.879549843,sf_forecast_base,1
CARDIOLOGY,2025-07-28,38.458102797,28.344525467,48.603633551,sf_forecast_base,1
CARDIOLOGY,2025-07-29,44.847765702,34.452069595,54.924355313,sf_forecast_base,1
CARDIOLOGY,2025-07-30,47.116044442,36.867325435,57.210684587,sf_forecast_base,1
CARDIOLOGY,2025-07-31,42.128752508,31.90866818,52.277900265,sf_forecast_base,1
CARDIOLOGY,2025-08-01,43.528481018,33.298742856,53.793293681,sf_forecast_base,1
CARDIOLOGY,2025-08-02,10.602306031,1.159603523,19.960622797,sf_forecast_base,1
CARDIOLOGY,2025-08-03,11.123306816,1.667629707,20.404985405,sf_forecast_base,1
CARDIOLOGY,2025-08-04,45.18398174,34.716550362,55.669658608,sf_forecast_base,1
CARDIOLOGY,2025-08-05,36.336684025,26.012300067,46.442274752,sf_forecast_base,1
CARDIOLOGY,2025-08-06,41.850115289,31.340006566,52.175435208,sf_forecast_base,1
CARDIOLOGY,2025-08-07,45.774721815,35.491326082,56.084379883,sf_forecast_base,1
CARDIOLOGY,2025-08-08,36.867286184,26.448467162,46.945250984,sf_forecast_base,1
CARDIOLOGY,2025-08-09,10.640008295,0.9492952086,20.214981169,sf_forecast_base,1
CARDIOLOGY,2025-08-10,12.744923563,3.361671225,22.189833534,sf_forecast_base,1
CARDIOLOGY,2025-08-11,41.660969128,31.037676708,52.179048479,sf_forecast_base,1
CARDIOLOGY,2025-08-12,45.141938505,34.75732656,55.49078909,sf_forecast_base,1
CARDIOLOGY,2025-08-13,42.875506845,32.248264485,53.512225396,sf_forecast_base,1
ELECTIVE_SURGERY,2025-08-14,43.061849586,30.407458718,55.926265626,sf_forecast_base,2
ELECTIVE_SURGERY,2025-08-15,38.321701127,25.566270805,50.828009385,sf_forecast_base,2
ELECTIVE_SURGERY,2025-08-16,7.628905451,0.0,20.361736408,sf_forecast_base,2
ELECTIVE_SURGERY,2025-08-17,7.84604174,0.0,20.446801041,sf_forecast_base,2
ELECTIVE_SURGERY,2025-08-18,45.077419308,32.384986517,57.800053456,sf_forecast_base,2
ELECTIVE_SURGERY,2025-08-19,45.407835237,32.729374426,58.168255633,sf_forecast_base,2
ELECTIVE_SURGERY,2025-08-20,40.686145933,27.896258143,53.273015988,sf_forecast_base,2
ELECTIVE_SURGERY,2025-08-21,41.599377433,28.827973193,54.240319981,sf_forecast_base,2
ELECTIVE_SURGERY,2025-08-22,39.640336546,26.859930794,52.424591716,sf_forecast_base,2
ELECTIVE_SURGERY,2025-08-23,8.997906485,0.0,21.656480042,sf_forecast_base,2
ELECTIVE_SURGERY,2025-08-24,7.886633744,0.0,20.59352274,sf_forecast_base,2
ELECTIVE_SURGERY,2025-08-25,47.402296936,34.718013344,60.104810332,sf_forecast_base,2
ELECTIVE_SURGERY,2025-08-26,47.900075532,35.069086998,60.537327802,sf_forecast_base,2
ELECTIVE_SURGERY,2025-08-27,39.45855039,26.660893053,52.151362567,sf_forecast_base,2
ELECTIVE_SURGERY,2025-08-28,39.423529795,26.656284091,52.136563544,sf_forecast_base,2
ELECTIVE_SURGERY,2025-08-29,37.922388838,25.104328105,50.748345327,sf_forecast_base,2
ELECTIVE_SURGERY,2025-08-30,8.677103054,0.0,21.403410536,sf_forecast_base,2
ELECTIVE_SURGERY,2025-08-31,9.510644021,0.0,22.251069311,sf_forecast_base,2
ELECTIVE_SURGERY,2025-09-01,37.094784306,24.206219749,49.973795291,sf_forecast_base,2
ELECTIVE_SURGERY,2025-09-02,35.333011073,22.491223738,48.010011334,sf_forecast_base,2
ELECTIVE_SURGERY,2025-09-03,41.493222471,28.556754381,54.277073512,sf_forecast_base,2
ELECTIVE_SURGERY,2025-09-04,36.931087146,24.16260084,49.730496708,sf_forecast_base,2
ELECTIVE_SURGERY,2025-09-05,37.327485684,24.37923348,50.039640346,sf_forecast_base,2
ELECTIVE_SURGERY,2025-09-06,9.817417575,0.0,22.621232041,sf_forecast_base,2
ELECTIVE_SURGERY,2025-09-07,6.242206302,0.0,19.064445309,sf_forecast_base,2
ELECTIVE_SURGERY,2025-09-08,46.124442423,33.209570536,58.956488735,sf_forecast_base,2
ELECTIVE_SURGERY,2025-09-09,47.248394278,34.499514022,59.985206479,sf_forecast_base,2
ELECTIVE_SURGERY,2025-09-10,44.036642205,31.174816019,56.874173005,sf_forecast_base,2
ONCOLOGY,2025-08-14,24.170590899,14.249767366,34.667086347,sf_forecast_base,2
ONCOLOGY,2025-08-15,23.776408267,13.58026656,33.287353911,sf_forecast_base,2
ONCOLOGY,2025-08-16,4.07725616,0.0,14.171167147,sf_forecast_base,2
ONCOLOGY,2025-08-17,3.66266221,0.0,13.410972344,sf_forecast_base,2
ONCOLOGY,2025-08-18,26.189427051,16.212721528,36.289361523,sf_forecast_base,2
ONCOLOGY,2025-08-19,28.119328864,18.157186508,38.328613573,sf_forecast_base,2
ONCOLOGY,2025-08-20,25.604003921,15.350007877,35.325137333,sf_forecast_base,2
ONCOLOGY,2025-08-21,23.792758191,13.587934926,33.668454004,sf_forecast_base,2
ONCOLOGY,2025-08-22,23.663839547,13.400558105,33.917569147,sf_forecast_base,2
ONCOLOGY,2025-08-23,4.580490098,0.0,14.497687065,sf_forecast_base,2
ONCOLOGY,2025-08-24,2.843322821,0.0,12.881490633,sf_forecast_base,2
ONCOLOGY,2025-08-25,26.024398403,16.061327986,36.032832313,sf_forecast_base,2
ONCOLOGY,2025-08-26,28.419351903,18.039687917,38.250351456,sf_forecast_base,2
ONCOLOGY,2025-08-27,23.245660934,12.972431804,33.218715942,sf_forecast_base,2
ONCOLOGY,2025-08-28,24.17210635,13.963924063,34.213543443,sf_forecast_base,2
ONCOLOGY,2025-08-29,21.979054829,11.657387803,32.30292392,sf_forecast_base,2
ONCOLOGY,2025-08-30,3.512018218,0.0,13.586225537,sf_forecast_base,2
ONCOLOGY,2025-08-31,2.809537882,0.0,12.944138374,sf_forecast_base,2
ONCOLOGY,2025-09-01,25.202110332,14.655274417,35.687787921,sf_forecast_base,2
ONCOLOGY,2025-09-02,24.8204082,14.431617867,34.73278513,sf_forecast_base,2
ONCOLOGY,2025-09-03,26.006185538,15.342669924,36.211345823,sf_forecast_base,2
ONCOLOGY,2025-09-04,23.361855375,13.173592638,33.643965271,sf_forecast_base,2
ONCOLOGY,2025-09-05,22.474449224,11.81006997,32.49503077,sf_forecast_base,2
ONCOLOGY,2025-09-06,4.096604729,0.0,14.370794074,sf_forecast_base,2
ONCOLOGY,2025-09-07,3.017622404,0.0,13.347931671,sf_forecast_base,2
ONCOLOGY,2025-09-08,27.359337987,16.737996252,37.722328372,sf_forecast_base,2
ONCOLOGY,2025-09-09,27.657127948,17.540634164,37.746977823,sf_forecast_base,2
ONCOLOGY,2025-09-10,25.614651196,15.15737055,35.955661071,sf_forecast_base,2
EMERGENCY,2025-08-14,93.527098209,65.803343817,121.598349842,sf_forecast_base,2
EMERGENCY,2025-08-15,97.796041072,69.871695005,125.352578591,sf_forecast_base,2
EMERGENCY,2025-08-16,95.129265686,67.043970972,123.802082204,sf_forecast_base,2
EMERGENCY,2025-08-17,93.096101346,65.126151199,121.238773252,sf_forecast_base,2
EMERGENCY,2025-08-18,101.843376215,73.08395741,129.860330887,sf_forecast_base,2
EMERGENCY,2025-08-19,97.244552827,68.959923414,125.24914007,sf_forecast_base,2
EMERGENCY,2025-08-20,94.44793571,65.67170909,122.40859482,sf_forecast_base,2
EMERGENCY,2025-08-21,91.83923103,63.053329057,119.790144812,sf_forecast_base,2
EMERGENCY,2025-08-22,97.431442082,69.313756405,125.996628238,sf_forecast_base,2
EMERGENCY,2025-08-23,92.854522747,64.720374604,121.031390958,sf_forecast_base,2
EMERGENCY,2025-08-24,91.955974378,63.438949812,120.446402019,sf_forecast_base,2
EMERGENCY,2025-08-25,102.467256,73.683610316,131.363672227,sf_forecast_base,2
EMERGENCY,2025-08-26,95.248747492,66.457913333,124.03884501,sf_forecast_base,2
EMERGENCY,2025-08-27,94.54857489,65.497089773,123.594009566,sf_forecast_base,2
EMERGENCY,2025-08-28,93.862076246,65.130894554,122.819171138,sf_forecast_base,2
EMERGENCY,2025-08-29,97.311507785,67.985965154,126.993310341,sf_forecast_base,2
EMERGENCY,2025-08-30,93.260856547,64.016836518,122.413962719,sf_forecast_base,2
EMERGENCY,2025-08-31,92.135500117,62.553811242,120.947267849,sf_forecast_base,2
EMERGENCY,2025-09-01,101.822367414,72.796728756,131.509419602,sf_forecast_base,2
EMERGENCY,2025-09-02,96.677075139,67.059382156,126.43594955,sf_forecast_base,2
EMERGENCY,2025-09-03,92.334068658,62.740160802,122.268473073,sf_forecast_base,2
EMERGENCY,2025-09-04,94.311388472,64.851956466,123.806811119,sf_forecast_base,2
EMERGENCY,2025-09-05,96.15705509,65.795793873,125.949631725,sf_forecast_base,2
EMERGENCY,2025-09-06,96.617058607,66.366917331,126.648946381,sf_forecast_base,2
EMERGENCY,2025-09-07,92.153149851,62.527917045,122.160403184,sf_forecast_base,2
EMERGENCY,2025-09-08,101.732857822,72.269686229,131.785269309,sf_forecast_base,2
EMERGENCY,2025-09-09,95.322871792,65.020154863,125.482257523,sf_forecast_base,2
EMERGENCY,2025-09-10,95.497530993,65.498273755,126.284267038,sf_forecast_base,2
ORTHOPEDICS,2025-08-14,46.286625319,33.907044775,60.118766945,sf_forecast_base,2
ORTHOPEDICS,2025-08-15,48.354122827,35.167850165,59.747732294,sf_forecast_base,2
ORTHOPEDICS,2025-08-16,20.733625344,11.607850434,29.079384447,sf_forecast_base,2
ORTHOPEDICS,2025-08-17,18.256661748,10.020436144,25.868902402,sf_forecast_base,2
ORTHOPEDICS,2025-08-18,49.718780521,37.925791712,62.573114256,sf_forecast_base,2
ORTHOPEDICS,2025-08-19,52.763439033,40.227573947,66.389093349,sf_forecast_base,2
ORTHOPEDICS,2025-08-20,51.413061132,38.317851039,63.574178528,sf_forecast_base,2
ORTHOPEDICS,2025-08-21,50.874349318,37.565276026,63.866849682,sf_forecast_base,2
ORTHOPEDICS,2025-08-22,47.405429376,34.572693654,59.895392863,sf_forecast_base,2
ORTHOPEDICS,2025-08-23,23.148458761,14.580941944,31.707181426,sf_forecast_base,2
ORTHOPEDICS,2025-08-24,20.781429856,12.368134656,28.931949836,sf_forecast_base,2
ORTHOPEDICS,2025-08-25,50.678690008,38.009397388,63.401279308,sf_forecast_base,2
ORTHOPEDICS,2025-08-26,50.848152748,36.787829579,63.140866749,sf_forecast_base,2
ORTHOPEDICS,2025-08-27,54.534548005,39.873449551,68.033833374,sf_forecast_base,2
ORTHOPEDICS,2025-08-28,47.633896444,34.177846568,60.354053372,sf_forecast_base,2
ORTHOPEDICS,2025-08-29,51.135028617,37.703308331,64.233866587,sf_forecast_base,2
ORTHOPEDICS,2025-08-30,19.974785744,11.501480418,28.082786714,sf_forecast_base,2
ORTHOPEDICS,2025-08-31,18.484015789,10.74638747,26.313678927,sf_forecast_base,2
ORTHOPEDICS,2025-09-01,47.205424587,32.845336762,60.814694547,sf_forecast_base,2
ORTHOPEDICS,2025-09-02,48.118925175,34.722796904,59.957513271,sf_forecast_base,2
ORTHOPEDICS,2025-09-03,51.164704631,35.930111777,64.444529013,sf_forecast_base,2
ORTHOPEDICS,2025-09-04,47.358506148,34.428972069,60.741588344,sf_forecast_base,2
ORTHOPEDICS,2025-09-05,45.082850692,31.537922359,57.233320347,sf_forecast_base,2
ORTHOPEDICS,2025-09-06,19.372572221,11.03112565,27.58945099,sf_forecast_base,2
ORTHOPEDICS,2025-09-07,19.806324641,11.310462751,28.150107936,sf_forecast_base,2
ORTHOPEDICS,2025-09-08,51.906582422,35.331548566,67.104595271,sf_forecast_base,2
ORTHOPEDICS,2025-09-09,53.066675017,39.071037175,67.182403401,sf_forecast_base,2
ORTHOPEDICS,2025-09-10,51.591292655,36.463290522,65.483638374,sf_forecast_base,2
PEDIATRICS,2025-08-14,24.244797035,15.701796962,32.808228004,sf_forecast_base,2
PEDIATRICS,2025-08-15,24.636313445,16.03949169,33.211510295,sf_forecast_base,2
PEDIATRICS,2025-08-16,23.672376898,15.023634582,32.355662661,sf_forecast_base,2
PEDIATRICS,2025-08-17,22.243673584,13.558791845,30.938710376,sf_forecast_base,2
PEDIATRICS,2025-08-18,25.05844348,16.283815634,33.789416783,sf_forecast_base,2
PEDIATRICS,2025-08-19,25.463118379,16.672456429,34.237078299,sf_forecast_base,2
PEDIATRICS,2025-08-20,28.799333801,19.935933712,37.615524534,sf_forecast_base,2
PEDIATRICS,2025-08-21,27.95247545,19.04589346,36.813315335,sf_forecast_base,2
PEDIATRICS,2025-08-22,26.539917127,17.623402259,35.478973953,sf_forecast_base,2
PEDIATRICS,2025-08-23,24.746795855,15.782748401,33.713179856,sf_forecast_base,2
PEDIATRICS,2025-08-24,25.033221662,15.999842219,34.066296118,sf_forecast_base,2
PEDIATRICS,2025-08-25,26.439482448,17.341830692,35.543763533,sf_forecast_base,2
PEDIATRICS,2025-08-26,26.543047789,17.396141314,35.68991039,sf_forecast_base,2
PEDIATRICS,2025-08-27,27.988745688,18.776012839,37.204895258,sf_forecast_base,2
PEDIATRICS,2025-08-28,27.054389927,17.811909801,36.311099836,sf_forecast_base,2
PEDIATRICS,2025-08-29,27.610373535,18.280781805,36.961466365,sf_forecast_base,2
PEDIATRICS,2025-08-30,25.651478768,16.27470045,35.022912338,sf_forecast_base,2
PEDIATRICS,2025-08-31,24.813292999,15.36353986,34.2174651,sf_forecast_base,2
PEDIATRICS,2025-09-01,28.416722879,18.946326605,37.924873183,sf_forecast_base,2
PEDIATRICS,2025-09-02,28.754143525,19.196058346,38.321858198,sf_forecast_base,2
PEDIATRICS,2025-09-03,28.414919609,18.805532491,38.050878862,sf_forecast_base,2
PEDIATRICS,2025-09-04,30.384273857,20.71679698,40.044302082,sf_forecast_base,2
PEDIATRICS,2025-09-05,28.9457342,19.178741349,38.683133397,sf_forecast_base,2
PEDIATRICS,2025-09-06,26.811124782,16.986996693,36.619069053,sf_forecast_base,2
PEDIATRICS,2025-09-07,27.580968567,17.737809965,37.444533475,sf_forecast_base,2
PEDIATRICS,2025-09-08,28.046851127,18.153995844,37.967873142,sf_forecast_base,2
PEDIATRICS,2025-09-09,31.398749795,21.400629687,41.389241764,sf_forecast_base,2
PEDIATRICS,2025-09-10,28.624532895,18.581679364,38.7160829,sf_forecast_base,2
CARDIOLOGY,2025-08-14,42.099574408,28.277504936,57.450063463,sf_forecast_base,2
CARDIOLOGY,2025-08-15,36.29868677,23.130010467,47.935312192,sf_forecast_base,2
CARDIOLOGY,2025-08-16,13.836937035,4.715204958,22.419745667,sf_forecast_base,2
CARDIOLOGY,2025-08-17,13.112140676,3.924479139,21.70969252,sf_forecast_base,2
CARDIOLOGY,2025-08-18,41.948040154,29.0411542,55.912547773,sf_forecast_base,2
CARDIOLOGY,2025-08-19,41.821949871,28.234677169,56.481780158,sf_forecast_base,2
CARDIOLOGY,2025-08-20,43.552095861,29.062543426,57.073490734,sf_forecast_base,2
CARDIOLOGY,2025-08-21,40.025237294,26.521714726,53.245892795,sf_forecast_base,2
CARDIOLOGY,2025-08-22,39.295453967,24.756270263,53.458281456,sf_forecast_base,2
CARDIOLOGY,2025-08-23,15.258127698,6.253465066,24.253097731,sf_forecast_base,2
CARDIOLOGY,2025-08-24,10.848216643,2.123157785,19.389115818,sf_forecast_base,2
CARDIOLOGY,2025-08-25,40.494267168,27.621059239,53.401938871,sf_forecast_base,2
CARDIOLOGY,2025-08-26,42.427281209,27.323731204,55.789517683,sf_forecast_base,2
CARDIOLOGY,2025-08-27,41.503655522,27.17458997,54.865006452,sf_forecast_base,2
CARDIOLOGY,2025-08-28,44.112609682,28.68609502,58.72216437,sf_forecast_base,2
CARDIOLOGY,2025-08-29,38.116868895,24.557718229,51.376762313,sf_forecast_base,2
CARDIOLOGY,2025-08-30,16.010090704,6.012415827,25.605973664,sf_forecast_base,2
CARDIOLOGY,2025-08-31,12.399028277,3.611313804,21.261521832,sf_forecast_base,2
CARDIOLOGY,2025-09-01,42.304168155,26.23168919,57.571203086,sf_forecast_base,2
CARDIOLOGY,2025-09-02,40.33167826,25.525606272,53.55035657,sf_forecast_base,2
CARDIOLOGY,2025-09-03,40.350839507,24.412925108,54.461701233,sf_forecast_base,2
CARDIOLOGY,2025-09-04,41.307065119,26.340321199,56.728198822,sf_forecast_base,2
CARDIOLOGY,2025-09-05,38.635502061,23.28443343,52.502990792,sf_forecast_base,2
CARDIOLOGY,2025-09-06,15.947427606,5.778677822,25.961841732,sf_forecast_base,2
CARDIOLOGY,2025-09-07,14.098409656,4.207878825,23.829708183,sf_forecast_base,2
CARDIOLOGY,2025-09-08,44.985000286,27.604680694,61.038635879,sf_forecast_base,2
CARDIOLOGY,2025-09-09,42.082190537,27.808266213,56.418423739,sf_forecast_base,2
CARDIOLOGY,2025-09-10,42.016472515,25.480701816,57.308185605,sf_forecast_base,2
CARDIOLOGY,2025-09-11,45.996775841,32.269952012,62.395960113,sf_forecast_base,3
CARDIOLOGY,2025-09-12,36.580817375,23.966613798,46.509264082,sf_forecast_base,3
CARDIOLOGY,2025-09-13,16.507470262,9.592156315,22.16959254,sf_forecast_base,3
CARDIOLOGY,2025-09-14,15.039157643,9.852486619,19.294152553,sf_forecast_base,3
CARDIOLOGY,2025-09-15,48.356375957,34.739835783,64.083284733,sf_forecast_base,3
CARDIOLOGY,2025-09-16,42.220048825,29.05142064,57.251865799,sf_forecast_base,3
CARDIOLOGY,2025-09-17,42.933308705,29.05331026,55.231926879,sf_forecast_base,3
CARDIOLOGY,2025-09-18,46.037462538,31.520955884,59.998433147,sf_forecast_base,3
CARDIOLOGY,2025-09-19,34.443968448,21.360214704,46.956317168,sf_forecast_base,3
CARDIOLOGY,2025-09-20,17.640428351,11.893959787,23.3680192,sf_forecast_base,3
CARDIOLOGY,2025-09-21,13.703305354,8.072196257,18.921239674,sf_forecast_base,3
CARDIOLOGY,2025-09-22,41.038521272,27.865833726,54.28079926,sf_forecast_base,3
CARDIOLOGY,2025-09-23,46.137725338,29.108813164,59.851334995,sf_forecast_base,3
CARDIOLOGY,2025-09-24,48.373656526,32.87872567,62.019886576,sf_forecast_base,3
CARDIOLOGY,2025-09-25,39.232192203,25.461900814,51.807887862,sf_forecast_base,3
CARDIOLOGY,2025-09-26,44.039725553,29.692655374,57.802485838,sf_forecast_base,3
CARDIOLOGY,2025-09-27,20.292834304,13.180470241,26.65058484,sf_forecast_base,3
CARDIOLOGY,2025-09-28,11.164200201,6.775327951,15.678220936,sf_forecast_base,3
CARDIOLOGY,2025-09-29,46.331014781,27.316970897,63.783736885,sf_forecast_base,3
CARDIOLOGY,2025-09-30,37.996713336,23.73681135,49.627182364,sf_forecast_base,3
CARDIOLOGY,2025-10-01,43.554845598,26.854542276,57.085401951,sf_forecast_base,3
CARDIOLOGY,2025-10-02,43.633355131,28.933248003,59.110648411,sf_forecast_base,3
CARDIOLOGY,2025-10-03,37.986249702,23.428437676,50.171932325,sf_forecast_base,3
CARDIOLOGY,2025-10-04,16.044921281,10.362518121,21.510433052,sf_forecast_base,3
CARDIOLOGY,2025-10-05,13.910555325,8.994974784,18.621310255,sf_forecast_base,3
CARDIOLOGY,2025-10-06,45.89843593,26.281974976,63.149962401,sf_forecast_base,3
CARDIOLOGY,2025-10-07,43.054377168,28.191350233,58.04241274,sf_forecast_base,3
CARDIOLOGY,2025-10-08,41.548155615,25.084731471,55.980082723,sf_forecast_base,3
ELECTIVE_SURGERY,2025-09-11,38.942155613,24.051337639,54.289368846,sf_forecast_base,3
ELECTIVE_SURGERY,2025-09-12,31.601052998,16.455975781,46.189665854,sf_forecast_base,3
ELECTIVE_SURGERY,2025-09-13,0.0,0.0,10.301086135,sf_forecast_base,3
ELECTIVE_SURGERY,2025-09-14,0.0,0.0,14.37560537,sf_forecast_base,3
ELECTIVE_SURGERY,2025-09-15,42.194096213,27.359081022,57.36357651,sf_forecast_base,3
ELECTIVE_SURGERY,2025-09-16,40.818702189,25.81267507,56.153445406,sf_forecast_base,3
ELECTIVE_SURGERY,2025-09-17,39.561044259,24.3576298,54.481578869,sf_forecast_base,3
ELECTIVE_SURGERY,2025-09-18,39.606416891,24.388128101,54.73147202,sf_forecast_base,3
ELECTIVE_SURGERY,2025-09-19,31.50673492,16.001866229,46.891701147,sf_forecast_base,3
ELECTIVE_SURGERY,2025-09-20,1.636435469,0.0,16.845692756,sf_forecast_base,3
ELECTIVE_SURGERY,2025-09-21,0.8706117547,0.0,16.153990368,sf_forecast_base,3
ELECTIVE_SURGERY,2025-09-22,40.66036791,25.473682526,55.861259527,sf_forecast_base,3
ELECTIVE_SURGERY,2025-09-23,43.882127876,28.237670042,58.996514878,sf_forecast_base,3
ELECTIVE_SURGERY,2025-09-24,40.420567893,24.902549807,55.632390981,sf_forecast_base,3
ELECTIVE_SURGERY,2025-09-25,34.899643659,19.282780231,50.285573457,sf_forecast_base,3
ELECTIVE_SURGERY,2025-09-26,37.261609128,21.660315172,52.758589082,sf_forecast_base,3
ELECTIVE_SURGERY,2025-09-27,5.890141149,0.0,21.370166638,sf_forecast_base,3
ELECTIVE_SURGERY,2025-09-28,5.772760913,0.0,21.470698484,sf_forecast_base,3
ELECTIVE_SURGERY,2025-09-29,39.200356691,23.104879863,55.052446202,sf_forecast_base,3
ELECTIVE_SURGERY,2025-09-30,36.554536507,20.714053798,51.887812269,sf_forecast_base,3
ELECTIVE_SURGERY,2025-10-01,33.125404678,16.936404403,48.734131608,sf_forecast_base,3
ELECTIVE_SURGERY,2025-10-02,35.0768578,19.307071107,50.990270728,sf_forecast_base,3
ELECTIVE_SURGERY,2025-10-03,34.111338316,18.017049354,49.729521851,sf_forecast_base,3
ELECTIVE_SURGERY,2025-10-04,3.21625119,0.0,19.092848281,sf_forecast_base,3
ELECTIVE_SURGERY,2025-10-05,2.964470386,0.0,18.960921349,sf_forecast_base,3
ELECTIVE_SURGERY,2025-10-06,41.199645606,24.720303346,57.298914171,sf_forecast_base,3
ELECTIVE_SURGERY,2025-10-07,40.448090982,24.624399183,56.299666973,sf_forecast_base,3
ELECTIVE_SURGERY,2025-10-08,38.995155698,22.68092246,54.945138143,sf_forecast_base,3
PEDIATRICS,2025-09-11,37.794682964,31.918295807,43.741573578,sf_forecast_base,3
PEDIATRICS,2025-09-12,27.342820267,21.189543576,33.421477928,sf_forecast_base,3
PEDIATRICS,2025-09-13,28.258440179,21.852593332,34.783485129,sf_forecast_base,3
PEDIATRICS,2025-09-14,23.207069912,16.618217256,29.830965072,sf_forecast_base,3
PEDIATRICS,2025-09-15,35.331052735,28.387460492,42.124012203,sf_forecast_base,3
PEDIATRICS,2025-09-16,35.113195371,28.081079498,42.088327395,sf_forecast_base,3
PEDIATRICS,2025-09-17,34.846355018,27.540861534,41.988948372,sf_forecast_base,3
PEDIATRICS,2025-09-18,37.827145436,30.358718652,45.136207408,sf_forecast_base,3
PEDIATRICS,2025-09-19,31.716838252,24.21258262,39.298878662,sf_forecast_base,3
PEDIATRICS,2025-09-20,28.569991519,20.907402038,36.240734666,sf_forecast_base,3
PEDIATRICS,2025-09-21,27.76186521,19.873788484,35.648392277,sf_forecast_base,3
PEDIATRICS,2025-09-22,36.421667569,28.333928182,44.532288984,sf_forecast_base,3
PEDIATRICS,2025-09-23,36.778358916,28.550090694,45.006479523,sf_forecast_base,3
PEDIATRICS,2025-09-24,34.993263037,26.57486742,43.423098917,sf_forecast_base,3
PEDIATRICS,2025-09-25,34.582607986,26.104847106,43.109492795,sf_forecast_base,3
PEDIATRICS,2025-09-26,34.610324322,25.878822837,43.411340077,sf_forecast_base,3
PEDIATRICS,2025-09-27,30.243353843,21.409284931,39.058979003,sf_forecast_base,3
PEDIATRICS,2025-09-28,27.786671497,18.763816353,36.652243767,sf_forecast_base,3
PEDIATRICS,2025-09-29,39.887067213,30.862075802,49.045062149,sf_forecast_base,3
PEDIATRICS,2025-09-30,40.41067087,31.157933519,49.696638315,sf_forecast_base,3
PEDIATRICS,2025-10-01,35.948167953,26.598926732,45.388817472,sf_forecast_base,3
PEDIATRICS,2025-10-02,38.548204917,29.084494564,47.990352906,sf_forecast_base,3
PEDIATRICS,2025-10-03,38.987933405,29.27209005,48.601660068,sf_forecast_base,3
PEDIATRICS,2025-10-04,36.45120978,26.63082471,46.212091184,sf_forecast_base,3
PEDIATRICS,2025-10-05,30.020080022,20.238172833,39.869744732,sf_forecast_base,3
PEDIATRICS,2025-10-06,43.475111637,33.628777448,53.418641171,sf_forecast_base,3
PEDIATRICS,2025-10-07,41.979957811,31.871692271,52.049077596,sf_forecast_base,3
PEDIATRICS,2025-10-08,39.989837696,29.850997586,50.294822143,sf_forecast_base,3
ONCOLOGY,2025-09-11,25.659592975,17.80512937,33.514060499,sf_forecast_base,3
ONCOLOGY,2025-09-12,26.251857476,18.34699304,34.156722442,sf_forecast_base,3
ONCOLOGY,2025-09-13,4.43985919,0.0,12.394778032,sf_forecast_base,3
ONCOLOGY,2025-09-14,3.43800316,0.0,11.442638238,sf_forecast_base,3
ONCOLOGY,2025-09-15,26.709132162,18.655112088,34.763153825,sf_forecast_base,3
ONCOLOGY,2025-09-16,25.993976685,17.89089358,34.097059578,sf_forecast_base,3
ONCOLOGY,2025-09-17,22.592882539,14.441055026,30.744711218,sf_forecast_base,3
ONCOLOGY,2025-09-18,22.73964575,14.539384863,30.939909975,sf_forecast_base,3
ONCOLOGY,2025-09-19,24.324154347,16.075761238,32.572546343,sf_forecast_base,3
ONCOLOGY,2025-09-20,3.858822798,0.0,12.155046834,sf_forecast_base,3
ONCOLOGY,2025-09-21,2.605687479,0.0,10.949450316,sf_forecast_base,3
ONCOLOGY,2025-09-22,26.764327419,18.373312805,35.155341556,sf_forecast_base,3
ONCOLOGY,2025-09-23,27.262405205,18.82442202,35.700390349,sf_forecast_base,3
ONCOLOGY,2025-09-24,22.608693142,14.124016214,31.09337097,sf_forecast_base,3
ONCOLOGY,2025-09-25,23.80478838,15.273689345,32.335887468,sf_forecast_base,3
ONCOLOGY,2025-09-26,26.160485084,17.583230265,34.737738472,sf_forecast_base,3
ONCOLOGY,2025-09-27,4.200574159,0.0,12.823721291,sf_forecast_base,3
ONCOLOGY,2025-09-28,3.652780304,0.0,12.32156357,sf_forecast_base,3
ONCOLOGY,2025-09-29,31.22108033,22.506916916,39.935248989,sf_forecast_base,3
ONCOLOGY,2025-09-30,28.676015254,19.916715233,37.435316176,sf_forecast_base,3
ONCOLOGY,2025-10-01,24.87949246,16.075303321,33.68368446,sf_forecast_base,3
ONCOLOGY,2025-10-02,26.035724434,17.186885619,34.884566428,sf_forecast_base,3
ONCOLOGY,2025-10-03,27.570275016,18.677022643,36.463530516,sf_forecast_base,3
ONCOLOGY,2025-10-04,2.39756458,0.0,11.33499961,sf_forecast_base,3
ONCOLOGY,2025-10-05,2.83796641,0.0,11.819353655,sf_forecast_base,3
ONCOLOGY,2025-10-06,25.960666019,16.935552843,34.985782162,sf_forecast_base,3
ONCOLOGY,2025-10-07,27.324122493,18.255503701,36.392744516,sf_forecast_base,3
ONCOLOGY,2025-10-08,25.115292075,16.003383269,34.227199397,sf_forecast_base,3
EMERGENCY,2025-09-11,125.963193106,105.055672649,147.074063917,sf_forecast_base,3
EMERGENCY,2025-09-12,124.961296537,103.289603016,146.417748211,sf_forecast_base,3
EMERGENCY,2025-09-13,116.340847462,94.015971755,139.009528986,sf_forecast_base,3
EMERGENCY,2025-09-14,120.836938487,98.070531489,143.704415022,sf_forecast_base,3
EMERGENCY,2025-09-15,146.911186321,123.124120129,170.263768647,sf_forecast_base,3
EMERGENCY,2025-09-16,123.354714876,99.363284672,147.182264743,sf_forecast_base,3
EMERGENCY,2025-09-17,129.133650753,104.411966617,153.378074025,sf_forecast_base,3
EMERGENCY,2025-09-18,121.90247397,96.755118683,146.561787648,sf_forecast_base,3
EMERGENCY,2025-09-19,138.242437539,113.056512285,163.676341903,sf_forecast_base,3
EMERGENCY,2025-09-20,122.35865482,96.782018831,147.960473724,sf_forecast_base,3
EMERGENCY,2025-09-21,126.178826292,100.019855986,152.323939546,sf_forecast_base,3
EMERGENCY,2025-09-22,146.196170199,119.459328246,172.998997931,sf_forecast_base,3
EMERGENCY,2025-09-23,129.661842552,102.557026733,156.766226736,sf_forecast_base,3
EMERGENCY,2025-09-24,131.131555545,103.535569134,158.725885115,sf_forecast_base,3
EMERGENCY,2025-09-25,129.644746123,101.914361414,157.50970424,sf_forecast_base,3
EMERGENCY,2025-09-26,135.050150869,106.624076792,163.679268977,sf_forecast_base,3
EMERGENCY,2025-09-27,131.435623465,102.76084632,160.057193709,sf_forecast_base,3
EMERGENCY,2025-09-28,123.33332478,94.174799794,152.040506318,sf_forecast_base,3
EMERGENCY,2025-09-29,154.098620087,124.918274449,183.666472921,sf_forecast_base,3
EMERGENCY,2025-09-30,138.581746777,108.756899744,168.489204345,sf_forecast_base,3
EMERGENCY,2025-10-01,136.398958492,106.322730042,166.688429766,sf_forecast_base,3
EMERGENCY,2025-10-02,128.920303715,98.67249796,159.219130592,sf_forecast_base,3
EMERGENCY,2025-10-03,149.996272875,118.905790872,180.75396603,sf_forecast_base,3
EMERGENCY,2025-10-04,123.574376856,92.275886658,154.713950645,sf_forecast_base,3
EMERGENCY,2025-10-05,128.844006179,97.692118258,160.196498913,sf_forecast_base,3
EMERGENCY,2025-10-06,150.600065585,119.249333017,182.298334991,sf_forecast_base,3
EMERGENCY,2025-10-07,143.404696431,111.305864506,175.41279836,sf_forecast_base,3
EMERGENCY,2025-10-08,135.912719015,103.759764727,168.535707434,sf_forecast_base,3
ORTHOPEDICS,2025-09-11,39.405484113,27.853017766,53.264399575,sf_forecast_base,3
ORTHOPEDICS,2025-09-12,38.479224035,25.969826792,48.223171278,sf_forecast_base,3
ORTHOPEDICS,2025-09-13,16.465722285,10.117366886,21.683492795,sf_forecast_base,3
ORTHOPEDICS,2025-09-14,13.315105351,8.247121401,17.426718096,sf_forecast_base,3
ORTHOPEDICS,2025-09-15,43.145142112,31.330119895,56.731456042,sf_forecast_base,3
ORTHOPEDICS,2025-09-16,41.871493142,29.73500339,55.727563984,sf_forecast_base,3
ORTHOPEDICS,2025-09-17,42.654774221,29.308593381,54.380354581,sf_forecast_base,3
ORTHOPEDICS,2025-09-18,38.255039209,26.217840495,49.757510829,sf_forecast_base,3
ORTHOPEDICS,2025-09-19,38.403177976,25.212594583,51.046200883,sf_forecast_base,3
ORTHOPEDICS,2025-09-20,16.007460416,10.681178619,21.322043869,sf_forecast_base,3
ORTHOPEDICS,2025-09-21,13.25837236,8.192584407,17.938849268,sf_forecast_base,3
ORTHOPEDICS,2025-09-22,43.021428692,30.526303159,55.605534347,sf_forecast_base,3
ORTHOPEDICS,2025-09-23,41.798314824,27.298539446,53.461775869,sf_forecast_base,3
ORTHOPEDICS,2025-09-24,42.330507258,28.459030761,54.545492403,sf_forecast_base,3
ORTHOPEDICS,2025-09-25,38.466439168,25.544201647,50.280607683,sf_forecast_base,3
ORTHOPEDICS,2025-09-26,38.748115947,25.932687348,51.086985907,sf_forecast_base,3
ORTHOPEDICS,2025-09-27,15.528555009,9.454546781,20.939269296,sf_forecast_base,3
ORTHOPEDICS,2025-09-28,12.999828111,8.196250929,17.885326124,sf_forecast_base,3
ORTHOPEDICS,2025-09-29,43.199401866,26.800292761,58.32117284,sf_forecast_base,3
ORTHOPEDICS,2025-09-30,42.276978326,27.735844151,54.106857979,sf_forecast_base,3
ORTHOPEDICS,2025-10-01,43.19306721,26.532741297,56.695413288,sf_forecast_base,3
ORTHOPEDICS,2025-10-02,39.485288287,26.515686511,53.160376274,sf_forecast_base,3
ORTHOPEDICS,2025-10-03,38.188482551,24.091672199,49.919087054,sf_forecast_base,3
ORTHOPEDICS,2025-10-04,16.498063724,10.159061971,22.548234868,sf_forecast_base,3
ORTHOPEDICS,2025-10-05,13.020680354,7.700483481,18.135683433,sf_forecast_base,3
ORTHOPEDICS,2025-10-06,43.740347205,26.191454841,59.218449713,sf_forecast_base,3
ORTHOPEDICS,2025-10-07,42.556965482,29.112332011,56.136118386,sf_forecast_base,3
ORTHOPEDICS,2025-10-08,43.217882859,27.005304996,57.505769886,sf_forecast_base,3
ORTHOPEDICS,2025-10-09,35.933454909,25.647913058,47.596068678,sf_forecast_base,4
ORTHOPEDICS,2025-10-10,34.325296804,23.494290391,43.538784775,sf_forecast_base,4
ORTHOPEDICS,2025-10-11,15.368296881,7.659006734,22.837188603,sf_forecast_base,4
ORTHOPEDICS,2025-10-12,13.24252926,6.235820216,19.854106375,sf_forecast_base,4
ORTHOPEDICS,2025-10-13,40.037341069,29.15673579,51.412932908,sf_forecast_base,4
ORTHOPEDICS,2025-10-14,39.445838078,28.657162549,50.952160441,sf_forecast_base,4
ORTHOPEDICS,2025-10-15,36.758202685,25.213257093,47.025407172,sf_forecast_base,4
ORTHOPEDICS,2025-10-16,34.287937659,23.368652283,44.493808008,sf_forecast_base,4
ORTHOPEDICS,2025-10-17,35.021875249,23.993103252,45.984422772,sf_forecast_base,4
ORTHOPEDICS,2025-10-18,13.491179757,6.531729831,20.464816676,sf_forecast_base,4
ORTHOPEDICS,2025-10-19,13.312899659,6.334713021,20.09936611,sf_forecast_base,4
ORTHOPEDICS,2025-10-20,42.43973962,31.480206205,53.501921166,sf_forecast_base,4
ORTHOPEDICS,2025-10-21,39.130921239,27.208671204,49.589779746,sf_forecast_base,4
ORTHOPEDICS,2025-10-22,36.413258691,24.754196113,47.253504228,sf_forecast_base,4
ORTHOPEDICS,2025-10-23,38.53682672,27.523678572,49.107007535,sf_forecast_base,4
ORTHOPEDICS,2025-10-24,35.463806283,24.356509035,46.534046466,sf_forecast_base,4
ORTHOPEDICS,2025-10-25,15.086615761,7.464521043,22.309979876,sf_forecast_base,4
ORTHOPEDICS,2025-10-26,12.803568575,5.69273204,19.523421268,sf_forecast_base,4
ORTHOPEDICS,2025-10-27,40.239431013,27.573339731,52.602305972,sf_forecast_base,4
ORTHOPEDICS,2025-10-28,40.520201393,28.58167863,51.15814533,sf_forecast_base,4
ORTHOPEDICS,2025-10-29,39.207127012,26.435812548,50.654476269,sf_forecast_base,4
ORTHOPEDICS,2025-10-30,35.83651094,24.884616179,47.044844399,sf_forecast_base,4
ORTHOPEDICS,2025-10-31,34.978276374,23.055655386,45.399707975,sf_forecast_base,4
ORTHOPEDICS,2025-11-01,13.182251594,5.407572773,20.604209168,sf_forecast_base,4
ORTHOPEDICS,2025-11-02,11.244339196,4.327265229,18.242671571,sf_forecast_base,4
ORTHOPEDICS,2025-11-03,40.258909868,27.3064134,52.407196289,sf_forecast_base,4
ORTHOPEDICS,2025-11-04,37.589433672,26.345635403,48.793607822,sf_forecast_base,4
ORTHOPEDICS,2025-11-05,35.659369514,23.358238286,47.476919196,sf_forecast_base,4
ELECTIVE_SURGERY,2025-10-09,42.11271221,29.380025341,55.081023316,sf_forecast_base,4
ELECTIVE_SURGERY,2025-10-10,32.166331249,19.334820942,44.74844423,sf_forecast_base,4
ELECTIVE_SURGERY,2025-10-11,4.493588468,0.0,17.793127822,sf_forecast_base,4
ELECTIVE_SURGERY,2025-10-12,4.066103557,0.0,16.964115181,sf_forecast_base,4
ELECTIVE_SURGERY,2025-10-13,40.436096565,27.165809286,53.202946968,sf_forecast_base,4
ELECTIVE_SURGERY,2025-10-14,40.84045136,27.934522973,53.537733182,sf_forecast_base,4
ELECTIVE_SURGERY,2025-10-15,44.398864614,31.223747228,57.029539335,sf_forecast_base,4
ELECTIVE_SURGERY,2025-10-16,42.124423463,29.025935983,54.695825282,sf_forecast_base,4
ELECTIVE_SURGERY,2025-10-17,32.516322036,19.887321131,45.405285836,sf_forecast_base,4
ELECTIVE_SURGERY,2025-10-18,5.578586303,0.0,18.185652592,sf_forecast_base,4
ELECTIVE_SURGERY,2025-10-19,5.2742424,0.0,18.05067656,sf_forecast_base,4
ELECTIVE_SURGERY,2025-10-20,40.718051482,27.817547483,53.688745637,sf_forecast_base,4
ELECTIVE_SURGERY,2025-10-21,41.233408309,28.392572062,54.073742533,sf_forecast_base,4
ELECTIVE_SURGERY,2025-10-22,44.826368353,31.861644545,57.828725692,sf_forecast_base,4
ELECTIVE_SURGERY,2025-10-23,42.774459679,30.120132219,55.592525407,sf_forecast_base,4
ELECTIVE_SURGERY,2025-10-24,33.84504021,20.828904638,47.111164484,sf_forecast_base,4
ELECTIVE_SURGERY,2025-10-25,6.567210702,0.0,19.375568156,sf_forecast_base,4
ELECTIVE_SURGERY,2025-10-26,6.185883095,0.0,18.688701828,sf_forecast_base,4
ELECTIVE_SURGERY,2025-10-27,41.943774087,29.371218508,54.948220038,sf_forecast_base,4
ELECTIVE_SURGERY,2025-10-28,41.320761963,28.44171404,54.310856507,sf_forecast_base,4
ELECTIVE_SURGERY,2025-10-29,43.727282325,30.974482203,56.803179574,sf_forecast_base,4
ELECTIVE_SURGERY,2025-10-30,42.520266654,29.795570491,55.124701868,sf_forecast_base,4
ELECTIVE_SURGERY,2025-10-31,34.773397569,21.662581478,47.542920084,sf_forecast_base,4
ELECTIVE_SURGERY,2025-11-01,6.711460802,0.0,19.517503505,sf_forecast_base,4
ELECTIVE_SURGERY,2025-11-02,6.086375618,0.0,18.805306659,sf_forecast_base,4
ELECTIVE_SURGERY,2025-11-03,41.338537783,29.019488768,53.957465495,sf_forecast_base,4
ELECTIVE_SURGERY,2025-11-04,38.800687652,26.030398306,51.445529579,sf_forecast_base,4
ELECTIVE_SURGERY,2025-11-05,43.053794802,30.594928677,56.103807341,sf_forecast_base,4
CARDIOLOGY,2025-10-09,50.176511382,37.881009235,63.21243305,sf_forecast_base,4
CARDIOLOGY,2025-10-10,47.693851644,35.613957223,59.00794898,sf_forecast_base,4
CARDIOLOGY,2025-10-11,15.689349155,5.704269846,25.420980466,sf_forecast_base,4
CARDIOLOGY,2025-10-12,17.056052343,7.175094863,26.690757105,sf_forecast_base,4
CARDIOLOGY,2025-10-13,50.315916569,38.733820051,62.366454776,sf_forecast_base,4
CARDIOLOGY,2025-10-14,48.043079956,35.959899945,60.633833295,sf_forecast_base,4
CARDIOLOGY,2025-10-15,50.813384744,38.700218199,62.517684091,sf_forecast_base,4
CARDIOLOGY,2025-10-16,45.509953395,33.783817718,57.116148778,sf_forecast_base,4
CARDIOLOGY,2025-10-17,51.974836167,39.450810198,64.322295116,sf_forecast_base,4
CARDIOLOGY,2025-10-18,19.294722438,9.233930243,29.35092482,sf_forecast_base,4
CARDIOLOGY,2025-10-19,16.985029156,7.04044379,26.826227472,sf_forecast_base,4
CARDIOLOGY,2025-10-20,51.13489839,39.219725578,63.069787536,sf_forecast_base,4
CARDIOLOGY,2025-10-21,46.800472494,34.47479733,58.396453537,sf_forecast_base,4
CARDIOLOGY,2025-10-22,50.177670207,37.891421416,62.019342575,sf_forecast_base,4
CARDIOLOGY,2025-10-23,47.520222774,35.204645436,59.506925172,sf_forecast_base,4
CARDIOLOGY,2025-10-24,47.856930483,36.084554511,59.500947883,sf_forecast_base,4
CARDIOLOGY,2025-10-25,21.713409828,11.326433382,31.903157578,sf_forecast_base,4
CARDIOLOGY,2025-10-26,18.59310327,8.792966095,28.432240287,sf_forecast_base,4
CARDIOLOGY,2025-10-27,55.125865703,41.783140104,68.077036235,sf_forecast_base,4
CARDIOLOGY,2025-10-28,50.397397683,37.427037821,62.538104056,sf_forecast_base,4
CARDIOLOGY,2025-10-29,50.336074438,37.470535825,62.380916805,sf_forecast_base,4
CARDIOLOGY,2025-10-30,53.095349201,40.758189066,65.63891786,sf_forecast_base,4
CARDIOLOGY,2025-10-31,52.63679886,40.029914718,64.577656223,sf_forecast_base,4
CARDIOLOGY,2025-11-01,17.358949016,7.297175123,27.362931857,sf_forecast_base,4
CARDIOLOGY,2025-11-02,18.448121048,8.358642219,28.469775901,sf_forecast_base,4
CARDIOLOGY,2025-11-03,54.143311498,40.923129653,66.806059111,sf_forecast_base,4
CARDIOLOGY,2025-11-04,47.3753366,35.631011175,59.151329534,sf_forecast_base,4
CARDIOLOGY,2025-11-05,48.721484343,36.217271145,60.74301244,sf_forecast_base,4
PEDIATRICS,2025-10-09,40.932409351,30.848839908,51.403377893,sf_forecast_base,4
PEDIATRICS,2025-10-10,42.147461651,31.55825605,52.326621769,sf_forecast_base,4
PEDIATRICS,2025-10-11,36.192535843,25.195973827,47.844079587,sf_forecast_base,4
PEDIATRICS,2025-10-12,32.400724932,21.340906332,43.653097002,sf_forecast_base,4
PEDIATRICS,2025-10-13,44.474426435,32.371648357,55.749480894,sf_forecast_base,4
PEDIATRICS,2025-10-14,45.131148131,33.415300208,56.531083531,sf_forecast_base,4
PEDIATRICS,2025-10-15,43.5760687,31.201492726,55.055502331,sf_forecast_base,4
PEDIATRICS,2025-10-16,40.829075489,28.382117362,52.406910056,sf_forecast_base,4
PEDIATRICS,2025-10-17,42.933910294,31.075128611,55.220106057,sf_forecast_base,4
PEDIATRICS,2025-10-18,37.792144429,25.832397221,49.796299079,sf_forecast_base,4
PEDIATRICS,2025-10-19,32.027045358,19.577612081,44.470101838,sf_forecast_base,4
PEDIATRICS,2025-10-20,46.560955048,33.742648683,59.504979243,sf_forecast_base,4
PEDIATRICS,2025-10-21,47.301151458,34.422245648,60.179233194,sf_forecast_base,4
PEDIATRICS,2025-10-22,45.352229385,32.122287516,58.64709691,sf_forecast_base,4
PEDIATRICS,2025-10-23,46.111006358,33.236229199,59.255629466,sf_forecast_base,4
PEDIATRICS,2025-10-24,45.976358731,32.362019011,59.983843692,sf_forecast_base,4
PEDIATRICS,2025-10-25,39.253536143,25.738647616,52.667070318,sf_forecast_base,4
PEDIATRICS,2025-10-26,36.968567257,23.055886247,50.016980117,sf_forecast_base,4
PEDIATRICS,2025-10-27,50.800350154,37.503382071,64.816360828,sf_forecast_base,4
PEDIATRICS,2025-10-28,52.187694246,38.255978952,66.301989209,sf_forecast_base,4
PEDIATRICS,2025-10-29,47.103092326,33.246934611,61.472056222,sf_forecast_base,4
PEDIATRICS,2025-10-30,49.769804398,35.838734256,63.522489238,sf_forecast_base,4
PEDIATRICS,2025-10-31,50.802021302,36.113332472,64.929574556,sf_forecast_base,4
PEDIATRICS,2025-11-01,44.280836736,29.577049515,58.639503697,sf_forecast_base,4
PEDIATRICS,2025-11-02,40.253330404,26.346542712,54.531954278,sf_forecast_base,4
PEDIATRICS,2025-11-03,54.365244595,40.664941529,68.599605207,sf_forecast_base,4
PEDIATRICS,2025-11-04,53.179354486,38.643693799,67.551741347,sf_forecast_base,4
PEDIATRICS,2025-11-05,53.787038876,39.579915855,68.915256365,sf_forecast_base,4
ONCOLOGY,2025-10-09,28.251224039,17.4079483,39.690489608,sf_forecast_base,4
ONCOLOGY,2025-10-10,24.15179783,13.0188301,34.565120511,sf_forecast_base,4
ONCOLOGY,2025-10-11,4.043317432,0.0,14.902019412,sf_forecast_base,4
ONCOLOGY,2025-10-12,4.313910357,0.0,14.900839764,sf_forecast_base,4
ONCOLOGY,2025-10-13,26.864169228,16.132862475,37.906102694,sf_forecast_base,4
ONCOLOGY,2025-10-14,28.50472241,17.670230735,39.6976932,sf_forecast_base,4
ONCOLOGY,2025-10-15,29.074961257,17.987486943,39.71858762,sf_forecast_base,4
ONCOLOGY,2025-10-16,27.085237514,16.029900529,37.929437262,sf_forecast_base,4
ONCOLOGY,2025-10-17,25.947526989,14.66855902,37.129404729,sf_forecast_base,4
ONCOLOGY,2025-10-18,3.836163116,0.0,14.717345894,sf_forecast_base,4
ONCOLOGY,2025-10-19,3.688362063,0.0,14.655205669,sf_forecast_base,4
ONCOLOGY,2025-10-20,27.083779467,16.24573961,37.951648784,sf_forecast_base,4
ONCOLOGY,2025-10-21,26.386149125,15.0407088,37.089515404,sf_forecast_base,4
ONCOLOGY,2025-10-22,28.122903437,16.942852289,38.939047563,sf_forecast_base,4
ONCOLOGY,2025-10-23,26.551101581,15.344526201,37.508264218,sf_forecast_base,4
ONCOLOGY,2025-10-24,23.41901864,12.199075607,34.558774876,sf_forecast_base,4
ONCOLOGY,2025-10-25,5.101245438,0.0,16.100103206,sf_forecast_base,4
ONCOLOGY,2025-10-26,5.344492145,0.0,16.515061579,sf_forecast_base,4
ONCOLOGY,2025-10-27,30.554523357,18.9242269,41.970258841,sf_forecast_base,4
ONCOLOGY,2025-10-28,29.913393277,18.569307403,40.663127739,sf_forecast_base,4
ONCOLOGY,2025-10-29,25.417223868,13.709686078,36.481344383,sf_forecast_base,4
ONCOLOGY,2025-10-30,25.027303469,13.866818407,36.3374113,sf_forecast_base,4
ONCOLOGY,2025-10-31,22.118088746,10.527786764,33.067459187,sf_forecast_base,4
ONCOLOGY,2025-11-01,4.747979471,0.0,15.982213301,sf_forecast_base,4
ONCOLOGY,2025-11-02,4.684827744,0.0,16.013460261,sf_forecast_base,4
ONCOLOGY,2025-11-03,28.833263664,17.029097083,40.233290732,sf_forecast_base,4
ONCOLOGY,2025-11-04,30.293990354,19.232165491,41.365553499,sf_forecast_base,4
ONCOLOGY,2025-11-05,27.810312672,16.246762493,39.042025942,sf_forecast_base,4
EMERGENCY,2025-10-09,127.434391279,97.964103344,157.476805401,sf_forecast_base,4
EMERGENCY,2025-10-10,132.399069771,102.606775574,161.585793241,sf_forecast_base,4
EMERGENCY,2025-10-11,125.731984596,95.700843051,156.730438246,sf_forecast_base,4
EMERGENCY,2025-10-12,127.413624325,97.608561179,157.503060977,sf_forecast_base,4
EMERGENCY,2025-10-13,154.580880372,123.495032409,184.44431416,sf_forecast_base,4
EMERGENCY,2025-10-14,154.193446093,123.929126472,183.996697819,sf_forecast_base,4
EMERGENCY,2025-10-15,131.43288348,100.411974551,161.111022099,sf_forecast_base,4
EMERGENCY,2025-10-16,141.902124069,110.926551789,171.504033399,sf_forecast_base,4
EMERGENCY,2025-10-17,132.672399633,102.855002223,163.188107321,sf_forecast_base,4
EMERGENCY,2025-10-18,133.058046875,103.289230094,162.897324726,sf_forecast_base,4
EMERGENCY,2025-10-19,133.860662771,103.545934879,164.134784675,sf_forecast_base,4
EMERGENCY,2025-10-20,155.690909482,125.003013017,186.564470989,sf_forecast_base,4
EMERGENCY,2025-10-21,144.443950865,113.829985511,175.056700328,sf_forecast_base,4
EMERGENCY,2025-10-22,140.600943179,109.652671325,171.538392322,sf_forecast_base,4
EMERGENCY,2025-10-23,130.80878893,100.497669805,161.496284169,sf_forecast_base,4
EMERGENCY,2025-10-24,143.223060422,112.030311279,175.041357799,sf_forecast_base,4
EMERGENCY,2025-10-25,127.691317452,96.748120781,158.484831586,sf_forecast_base,4
EMERGENCY,2025-10-26,136.312864113,104.934849554,166.421784116,sf_forecast_base,4
EMERGENCY,2025-10-27,151.478886937,121.123926856,182.923662512,sf_forecast_base,4
EMERGENCY,2025-10-28,139.176542896,107.969981078,170.615541503,sf_forecast_base,4
EMERGENCY,2025-10-29,139.662264306,108.643995184,171.265259148,sf_forecast_base,4
EMERGENCY,2025-10-30,141.318389627,110.71424861,172.053846578,sf_forecast_base,4
EMERGENCY,2025-10-31,146.81949797,114.793236171,177.909464083,sf_forecast_base,4
EMERGENCY,2025-11-01,152.39287085,120.627836726,183.726806903,sf_forecast_base,4
EMERGENCY,2025-11-02,138.943336214,108.420718267,170.04265857,sf_forecast_base,4
EMERGENCY,2025-11-03,167.128896922,137.023564953,198.21002112,sf_forecast_base,4
EMERGENCY,2025-11-04,158.266551389,126.924622372,189.353224033,sf_forecast_base,4
EMERGENCY,2025-11-05,139.03466732,108.352543078,171.02782011,sf_forecast_base,4
ELECTIVE_SURGERY,2025-11-06,43.551379819,33.45239439,53.807084365,sf_forecast_base,5
ELECTIVE_SURGERY,2025-11-07,34.512934691,24.33738436,44.522605576,sf_forecast_base,5
ELECTIVE_SURGERY,2025-11-08,2.361274349,0.0,12.858938768,sf_forecast_base,5
ELECTIVE_SURGERY,2025-11-09,4.405131199,0.0,14.646532107,sf_forecast_base,5
ELECTIVE_SURGERY,2025-11-10,37.484689481,26.984896582,47.649637217,sf_forecast_base,5
ELECTIVE_SURGERY,2025-11-11,38.28385022,28.015218287,48.413293697,sf_forecast_base,5
ELECTIVE_SURGERY,2025-11-12,43.298966115,32.840953367,53.394857525,sf_forecast_base,5
ELECTIVE_SURGERY,2025-11-13,37.781826864,27.364048005,47.849028513,sf_forecast_base,5
ELECTIVE_SURGERY,2025-11-14,29.594189383,19.477959035,39.883326342,sf_forecast_base,5
ELECTIVE_SURGERY,2025-11-15,3.98187791,0.0,14.094202839,sf_forecast_base,5
ELECTIVE_SURGERY,2025-11-16,4.28515822,0.0,14.520840785,sf_forecast_base,5
ELECTIVE_SURGERY,2025-11-17,41.558624948,31.229759112,51.934177356,sf_forecast_base,5
ELECTIVE_SURGERY,2025-11-18,37.94861039,27.648779117,48.248110007,sf_forecast_base,5
ELECTIVE_SURGERY,2025-11-19,52.913028184,42.520152843,63.330928044,sf_forecast_base,5
ELECTIVE_SURGERY,2025-11-20,38.974656708,28.777619054,49.280595766,sf_forecast_base,5
ELECTIVE_SURGERY,2025-11-21,31.846926068,21.398638691,42.461485353,sf_forecast_base,5
ELECTIVE_SURGERY,2025-11-22,2.413909231,0.0,12.734586333,sf_forecast_base,5
ELECTIVE_SURGERY,2025-11-23,0.6417635431,0.0,10.769792172,sf_forecast_base,5
ELECTIVE_SURGERY,2025-11-24,38.675722814,28.490754617,49.147954307,sf_forecast_base,5
ELECTIVE_SURGERY,2025-11-25,40.515305398,30.11594317,50.9885284,sf_forecast_base,5
ELECTIVE_SURGERY,2025-11-26,44.408043428,34.082217736,54.94886031,sf_forecast_base,5
ELECTIVE_SURGERY,2025-11-27,34.032741084,23.715008588,44.270488122,sf_forecast_base,5
ELECTIVE_SURGERY,2025-11-28,26.000335097,15.415290906,36.358376826,sf_forecast_base,5
ELECTIVE_SURGERY,2025-11-29,3.539434739,0.0,13.932225082,sf_forecast_base,5
ELECTIVE_SURGERY,2025-11-30,0.4617385076,0.0,10.807124831,sf_forecast_base,5
ELECTIVE_SURGERY,2025-12-01,30.725181354,20.637047237,41.014448145,sf_forecast_base,5
ELECTIVE_SURGERY,2025-12-02,36.083719823,25.683348209,46.400654125,sf_forecast_base,5
ELECTIVE_SURGERY,2025-12-03,40.764457086,30.56080277,51.361316542,sf_forecast_base,5
ORTHOPEDICS,2025-11-06,30.781315222,20.470879726,41.565675998,sf_forecast_base,5
ORTHOPEDICS,2025-11-07,29.11719054,18.608417925,39.124335248,sf_forecast_base,5
ORTHOPEDICS,2025-11-08,10.179300582,0.0,21.62902148,sf_forecast_base,5
ORTHOPEDICS,2025-11-09,7.624032934,0.0,18.265703922,sf_forecast_base,5
ORTHOPEDICS,2025-11-10,32.767135677,21.377111183,43.144563838,sf_forecast_base,5
ORTHOPEDICS,2025-11-11,31.405225627,20.746904796,41.642298267,sf_forecast_base,5
ORTHOPEDICS,2025-11-12,30.683943876,19.486198392,40.786615568,sf_forecast_base,5
ORTHOPEDICS,2025-11-13,28.264370841,17.221183986,38.247395269,sf_forecast_base,5
ORTHOPEDICS,2025-11-14,26.733061133,16.6346816,37.354391384,sf_forecast_base,5
ORTHOPEDICS,2025-11-15,8.007973868,0.0,18.061726445,sf_forecast_base,5
ORTHOPEDICS,2025-11-16,5.686250749,0.0,16.080441579,sf_forecast_base,5
ORTHOPEDICS,2025-11-17,30.55731265,19.914048734,41.341756583,sf_forecast_base,5
ORTHOPEDICS,2025-11-18,29.388718415,18.865893919,39.910536948,sf_forecast_base,5
ORTHOPEDICS,2025-11-19,28.793676246,18.022025625,39.640957632,sf_forecast_base,5
ORTHOPEDICS,2025-11-20,26.718387531,16.571546057,37.194538034,sf_forecast_base,5
ORTHOPEDICS,2025-11-21,25.443434355,14.56928701,36.82040071,sf_forecast_base,5
ORTHOPEDICS,2025-11-22,6.889200662,0.0,17.345007439,sf_forecast_base,5
ORTHOPEDICS,2025-11-23,4.62540675,0.0,14.466241198,sf_forecast_base,5
ORTHOPEDICS,2025-11-24,29.752291215,19.771613158,40.601699305,sf_forecast_base,5
ORTHOPEDICS,2025-11-25,28.434250363,17.837523242,39.254334895,sf_forecast_base,5
ORTHOPEDICS,2025-11-26,28.349378763,18.007811017,39.341624791,sf_forecast_base,5
ORTHOPEDICS,2025-11-27,26.167746496,15.882318165,36.21129054,sf_forecast_base,5
ORTHOPEDICS,2025-11-28,24.870260746,13.808620496,35.245435513,sf_forecast_base,5
ORTHOPEDICS,2025-11-29,6.556615619,0.0,17.004648161,sf_forecast_base,5
ORTHOPEDICS,2025-11-30,4.403296867,0.0,14.676349048,sf_forecast_base,5
ORTHOPEDICS,2025-12-01,29.54957797,20.096616747,39.620597692,sf_forecast_base,5
ORTHOPEDICS,2025-12-02,28.707455891,18.33240896,38.830182327,sf_forecast_base,5
ORTHOPEDICS,2025-12-03,28.732168901,18.983924285,39.669613277,sf_forecast_base,5
PEDIATRICS,2025-11-06,54.393074338,44.432496389,64.438218173,sf_forecast_base,5
PEDIATRICS,2025-11-07,58.375527764,48.029391915,68.632160094,sf_forecast_base,5
PEDIATRICS,2025-11-08,52.852415996,42.144862955,63.70294765,sf_forecast_base,5
PEDIATRICS,2025-11-09,43.366762003,32.378146081,54.397412523,sf_forecast_base,5
PEDIATRICS,2025-11-10,59.67674385,48.199210438,70.973594668,sf_forecast_base,5
PEDIATRICS,2025-11-11,59.348124703,47.699944456,70.926956532,sf_forecast_base,5
PEDIATRICS,2025-11-12,64.861342281,52.820272151,76.70701707,sf_forecast_base,5
PEDIATRICS,2025-11-13,60.957514935,48.65788016,73.067983344,sf_forecast_base,5
PEDIATRICS,2025-11-14,58.837631629,46.428032581,71.340529239,sf_forecast_base,5
PEDIATRICS,2025-11-15,54.174743114,41.510527936,66.848597906,sf_forecast_base,5
PEDIATRICS,2025-11-16,43.017214841,30.018620273,56.014724175,sf_forecast_base,5
PEDIATRICS,2025-11-17,59.903982315,46.60178132,73.233630315,sf_forecast_base,5
PEDIATRICS,2025-11-18,65.643882219,52.109942373,79.177647236,sf_forecast_base,5
PEDIATRICS,2025-11-19,61.338268271,47.51317608,75.177465818,sf_forecast_base,5
PEDIATRICS,2025-11-20,53.901255008,39.943573352,67.917829977,sf_forecast_base,5
PEDIATRICS,2025-11-21,65.608329695,51.282734584,80.019819646,sf_forecast_base,5
PEDIATRICS,2025-11-22,52.690651772,38.18373804,67.175438666,sf_forecast_base,5
PEDIATRICS,2025-11-23,38.054377714,23.261097619,52.658997214,sf_forecast_base,5
PEDIATRICS,2025-11-24,63.021108507,48.165956165,78.031588839,sf_forecast_base,5
PEDIATRICS,2025-11-25,67.017713441,51.830841632,82.244445098,sf_forecast_base,5
PEDIATRICS,2025-11-26,62.058322661,46.697748837,77.530837793,sf_forecast_base,5
PEDIATRICS,2025-11-27,66.936840142,51.372549319,82.461190104,sf_forecast_base,5
PEDIATRICS,2025-11-28,64.819217359,48.904926197,80.611018836,sf_forecast_base,5
PEDIATRICS,2025-11-29,58.867846381,42.765738128,74.89205755,sf_forecast_base,5
PEDIATRICS,2025-11-30,44.128662527,28.02350956,60.314987819,sf_forecast_base,5
PEDIATRICS,2025-12-01,68.998604196,52.761405488,85.352382404,sf_forecast_base,5
PEDIATRICS,2025-12-02,70.158996825,53.564663321,86.717709897,sf_forecast_base,5
PEDIATRICS,2025-12-03,69.619971823,52.925302955,86.516855456,sf_forecast_base,5
CARDIOLOGY,2025-11-06,49.03190217,39.782398613,58.479913966,sf_forecast_base,5
CARDIOLOGY,2025-11-07,52.55219291,43.059643817,61.834633377,sf_forecast_base,5
CARDIOLOGY,2025-11-08,16.684496706,6.978553026,26.7260587,sf_forecast_base,5
CARDIOLOGY,2025-11-09,13.344261071,3.589552935,23.197636552,sf_forecast_base,5
CARDIOLOGY,2025-11-10,47.17745904,36.86458807,57.066198187,sf_forecast_base,5
CARDIOLOGY,2025-11-11,50.006573032,39.863251661,59.978680944,sf_forecast_base,5
CARDIOLOGY,2025-11-12,49.828786265,39.315724147,59.883169128,sf_forecast_base,5
CARDIOLOGY,2025-11-13,51.559238693,40.975670762,61.69874944,sf_forecast_base,5
CARDIOLOGY,2025-11-14,49.687989607,39.367983257,60.227006963,sf_forecast_base,5
CARDIOLOGY,2025-11-15,16.781319318,6.371697043,27.2121803,sf_forecast_base,5
CARDIOLOGY,2025-11-16,15.61896193,4.923495318,26.318542212,sf_forecast_base,5
CARDIOLOGY,2025-11-17,49.770670796,38.842649318,60.757828028,sf_forecast_base,5
CARDIOLOGY,2025-11-18,53.442065329,42.4428741,64.440836783,sf_forecast_base,5
CARDIOLOGY,2025-11-19,56.50434906,45.281715049,67.758801465,sf_forecast_base,5
CARDIOLOGY,2025-11-20,54.159856822,43.081565767,65.376140076,sf_forecast_base,5
CARDIOLOGY,2025-11-21,52.697788924,41.199662059,64.406525898,sf_forecast_base,5
CARDIOLOGY,2025-11-22,20.231718167,8.740148668,31.667900148,sf_forecast_base,5
CARDIOLOGY,2025-11-23,15.233158077,3.50025034,26.523206443,sf_forecast_base,5
CARDIOLOGY,2025-11-24,52.199396765,40.741063227,64.021528667,sf_forecast_base,5
CARDIOLOGY,2025-11-25,57.36255114,45.538130497,69.280527513,sf_forecast_base,5
CARDIOLOGY,2025-11-26,57.258739289,45.433031899,69.354703562,sf_forecast_base,5
CARDIOLOGY,2025-11-27,56.017026948,44.111584922,67.821156315,sf_forecast_base,5
CARDIOLOGY,2025-11-28,53.393247856,41.059191674,65.439775659,sf_forecast_base,5
CARDIOLOGY,2025-11-29,20.853129885,8.461444781,33.032647432,sf_forecast_base,5
CARDIOLOGY,2025-11-30,17.162118145,5.148383155,29.366562782,sf_forecast_base,5
CARDIOLOGY,2025-12-01,55.813507955,43.840232211,68.034968473,sf_forecast_base,5
CARDIOLOGY,2025-12-02,57.146031805,44.699720117,69.487383491,sf_forecast_base,5
CARDIOLOGY,2025-12-03,57.494448062,45.203043423,70.271631167,sf_forecast_base,5
ONCOLOGY,2025-11-06,26.168657084,17.753762627,35.133701015,sf_forecast_base,5
ONCOLOGY,2025-11-07,23.647786042,14.989988559,31.69537983,sf_forecast_base,5
ONCOLOGY,2025-11-08,5.123774856,0.0,14.415974183,sf_forecast_base,5
ONCOLOGY,2025-11-09,3.901946451,0.0,12.490026444,sf_forecast_base,5
ONCOLOGY,2025-11-10,27.514157688,18.307700142,36.042841284,sf_forecast_base,5
ONCOLOGY,2025-11-11,27.12051187,18.441924037,35.589155246,sf_forecast_base,5
ONCOLOGY,2025-11-12,26.045511693,16.874398107,34.238653372,sf_forecast_base,5
ONCOLOGY,2025-11-13,23.83846836,14.79575729,32.003004197,sf_forecast_base,5
ONCOLOGY,2025-11-14,22.02971325,13.640275873,30.789203386,sf_forecast_base,5
ONCOLOGY,2025-11-15,3.318846664,0.0,11.549237403,sf_forecast_base,5
ONCOLOGY,2025-11-16,2.322015363,0.0,10.840020014,sf_forecast_base,5
ONCOLOGY,2025-11-17,25.71506822,17.046866746,34.500772273,sf_forecast_base,5
ONCOLOGY,2025-11-18,26.032591895,17.297254566,34.565592875,sf_forecast_base,5
ONCOLOGY,2025-11-19,24.74002936,15.865994755,33.557664736,sf_forecast_base,5
ONCOLOGY,2025-11-20,22.815620164,14.411686892,31.393376456,sf_forecast_base,5
ONCOLOGY,2025-11-21,21.043650684,12.078540271,30.368598306,sf_forecast_base,5
ONCOLOGY,2025-11-22,2.153004933,0.0,10.728318747,sf_forecast_base,5
ONCOLOGY,2025-11-23,1.617028414,0.0,9.775357006,sf_forecast_base,5
ONCOLOGY,2025-11-24,25.251714042,16.841875565,34.259305351,sf_forecast_base,5
ONCOLOGY,2025-11-25,25.770210139,16.97852606,34.546502454,sf_forecast_base,5
ONCOLOGY,2025-11-26,24.315737693,15.605334003,33.322642831,sf_forecast_base,5
ONCOLOGY,2025-11-27,23.00670268,14.511094908,31.364440521,sf_forecast_base,5
ONCOLOGY,2025-11-28,20.728020409,11.502951452,29.226245905,sf_forecast_base,5
ONCOLOGY,2025-11-29,2.687657927,0.0,11.331150483,sf_forecast_base,5
ONCOLOGY,2025-11-30,2.055900985,0.0,10.595025566,sf_forecast_base,5
ONCOLOGY,2025-12-01,25.853628683,17.793315488,34.260425812,sf_forecast_base,5
ONCOLOGY,2025-12-02,26.676952161,18.143594673,35.019840721,sf_forecast_base,5
ONCOLOGY,2025-12-03,25.442762701,17.232000966,34.459887511,sf_forecast_base,5
EMERGENCY,2025-11-06,143.109381904,116.653582385,169.565189687,sf_forecast_base,5
EMERGENCY,2025-11-07,168.773623207,142.073677707,195.473552177,sf_forecast_base,5
EMERGENCY,2025-11-08,153.206948205,126.265084827,180.148800139,sf_forecast_base,5
EMERGENCY,2025-11-09,161.754853552,134.573228544,188.936476654,sf_forecast_base,5
EMERGENCY,2025-11-10,172.527719477,145.108429353,199.947015322,sf_forecast_base,5
EMERGENCY,2025-11-11,175.579448262,147.924529698,203.234366826,sf_forecast_base,5
EMERGENCY,2025-11-12,168.977572893,141.089018996,196.866124246,sf_forecast_base,5
EMERGENCY,2025-11-13,163.359288954,135.239035528,191.479525215,sf_forecast_base,5
EMERGENCY,2025-11-14,144.632867174,116.282821768,172.982907493,sf_forecast_base,5
EMERGENCY,2025-11-15,169.367659618,140.789666255,197.945651073,sf_forecast_base,5
EMERGENCY,2025-11-16,152.344732072,123.540588316,181.148863111,sf_forecast_base,5
EMERGENCY,2025-11-17,168.272885979,139.244362769,197.301402831,sf_forecast_base,5
EMERGENCY,2025-11-18,172.973951529,143.722770317,202.225132105,sf_forecast_base,5
EMERGENCY,2025-11-19,159.697953216,130.225790687,189.170108751,sf_forecast_base,5
EMERGENCY,2025-11-20,165.936762185,136.245270779,195.628254862,sf_forecast_base,5
EMERGENCY,2025-11-21,163.682406239,133.773189785,193.591622057,sf_forecast_base,5
EMERGENCY,2025-11-22,164.414309721,134.288935872,194.539668312,sf_forecast_base,5
EMERGENCY,2025-11-23,169.959783613,139.619801302,200.299753209,sf_forecast_base,5
EMERGENCY,2025-11-24,169.226342057,138.673255659,199.779411289,sf_forecast_base,5
EMERGENCY,2025-11-25,158.788717034,128.024005613,189.553411924,sf_forecast_base,5
EMERGENCY,2025-11-26,158.84390614,127.869023887,189.818788394,sf_forecast_base,5
EMERGENCY,2025-11-27,158.029468541,126.845825126,189.213113864,sf_forecast_base,5
EMERGENCY,2025-11-28,160.739105248,129.348082059,192.13011763,sf_forecast_base,5
EMERGENCY,2025-11-29,160.146035242,128.548996481,191.743056202,sf_forecast_base,5
EMERGENCY,2025-11-30,173.424799492,141.623083529,205.226497653,sf_forecast_base,5
EMERGENCY,2025-12-01,186.76171854,154.756637805,218.766787832,sf_forecast_base,5
EMERGENCY,2025-12-02,173.436382913,141.229221843,205.643538897,sf_forecast_base,5
EMERGENCY,2025-12-03,164.692575484,132.28458812,197.100551403,sf_forecast_base,5
PEDIATRICS,2025-12-04,64.711900353,47.796891898,81.870785785,sf_forecast_base,6
PEDIATRICS,2025-12-05,64.14416972,47.065845212,80.964358391,sf_forecast_base,6
PEDIATRICS,2025-12-06,57.215400897,40.003567309,74.839566017,sf_forecast_base,6
PEDIATRICS,2025-12-07,54.070674599,36.921482894,71.341084788,sf_forecast_base,6
PEDIATRICS,2025-12-08,66.770145282,49.05209682,83.967113394,sf_forecast_base,6
PEDIATRICS,2025-12-09,62.959082568,45.560941204,80.157872101,sf_forecast_base,6
PEDIATRICS,2025-12-10,62.213944684,44.468198372,79.396169954,sf_forecast_base,6
PEDIATRICS,2025-12-11,62.115663602,44.384820802,79.300488777,sf_forecast_base,6
PEDIATRICS,2025-12-12,59.942766366,42.633771561,77.520830016,sf_forecast_base,6
PEDIATRICS,2025-12-13,57.363703978,40.038022359,74.717273538,sf_forecast_base,6
PEDIATRICS,2025-12-14,54.046658324,36.454571379,71.635097632,sf_forecast_base,6
PEDIATRICS,2025-12-15,65.494275602,47.706834809,83.360858709,sf_forecast_base,6
PEDIATRICS,2025-12-16,64.042220623,46.249425234,81.834496665,sf_forecast_base,6
PEDIATRICS,2025-12-17,60.951322253,42.966190676,78.977245899,sf_forecast_base,6
PEDIATRICS,2025-12-18,62.500017972,44.764045447,80.405854288,sf_forecast_base,6
PEDIATRICS,2025-12-19,62.193047624,44.013480707,80.62011159,sf_forecast_base,6
PEDIATRICS,2025-12-20,54.548946734,36.450860388,72.583227569,sf_forecast_base,6
PEDIATRICS,2025-12-21,55.000257059,36.667703717,72.788723022,sf_forecast_base,6
PEDIATRICS,2025-12-22,66.619222447,48.687492307,85.001632872,sf_forecast_base,6
PEDIATRICS,2025-12-23,64.172069367,45.851381927,82.607691509,sf_forecast_base,6
PEDIATRICS,2025-12-24,60.890336383,42.625405769,79.47809309,sf_forecast_base,6
PEDIATRICS,2025-12-25,64.216955801,45.910701404,82.408028289,sf_forecast_base,6
PEDIATRICS,2025-12-26,64.980502206,46.201020414,83.406730779,sf_forecast_base,6
PEDIATRICS,2025-12-27,57.824892199,39.034473924,76.365190332,sf_forecast_base,6
PEDIATRICS,2025-12-28,53.027046225,34.740990691,71.547184316,sf_forecast_base,6
PEDIATRICS,2025-12-29,68.902962711,50.744605042,87.397522657,sf_forecast_base,6
PEDIATRICS,2025-12-30,67.699822974,49.011551703,86.285368924,sf_forecast_base,6
PEDIATRICS,2025-12-31,59.667125929,41.180467503,78.735032476,sf_forecast_base,6
ONCOLOGY,2025-12-04,17.17275285,7.579354838,28.173980832,sf_forecast_base,6
ONCOLOGY,2025-12-05,21.395437145,11.119756174,29.975664128,sf_forecast_base,6
ONCOLOGY,2025-12-06,3.330029412,0.0,13.033127323,sf_forecast_base,6
ONCOLOGY,2025-12-07,4.682449893,0.0,13.704963829,sf_forecast_base,6
ONCOLOGY,2025-12-08,24.597072075,15.191778334,34.653526197,sf_forecast_base,6
ONCOLOGY,2025-12-09,22.601516856,13.005381743,32.997684217,sf_forecast_base,6
ONCOLOGY,2025-12-10,21.144627737,10.92880162,30.262744252,sf_forecast_base,6
ONCOLOGY,2025-12-11,21.461545991,11.329912418,31.03516574,sf_forecast_base,6
ONCOLOGY,2025-12-12,16.092838942,5.505974444,26.488127837,sf_forecast_base,6
ONCOLOGY,2025-12-13,5.455587973,0.0,15.119071865,sf_forecast_base,6
ONCOLOGY,2025-12-14,0.0,0.0,9.631403823,sf_forecast_base,6
ONCOLOGY,2025-12-15,27.258088237,17.654099566,36.938117997,sf_forecast_base,6
ONCOLOGY,2025-12-16,25.107037714,14.33849699,34.389814575,sf_forecast_base,6
ONCOLOGY,2025-12-17,19.462959237,9.060137069,29.027338004,sf_forecast_base,6
ONCOLOGY,2025-12-18,20.774978771,10.351414965,30.640859593,sf_forecast_base,6
ONCOLOGY,2025-12-19,24.24751663,13.745544862,34.593783331,sf_forecast_base,6
ONCOLOGY,2025-12-20,0.557649885,0.0,10.518254047,sf_forecast_base,6
ONCOLOGY,2025-12-21,4.901331836,0.0,15.218442618,sf_forecast_base,6
ONCOLOGY,2025-12-22,22.088548594,10.696216614,33.037561906,sf_forecast_base,6
ONCOLOGY,2025-12-23,22.585055516,11.813690748,31.993465768,sf_forecast_base,6
ONCOLOGY,2025-12-24,18.602221149,7.007616117,28.748365329,sf_forecast_base,6
ONCOLOGY,2025-12-25,18.172742124,7.845487055,28.824930914,sf_forecast_base,6
ONCOLOGY,2025-12-26,18.03284779,6.661797828,27.872939536,sf_forecast_base,6
ONCOLOGY,2025-12-27,4.817299815,0.0,15.320083489,sf_forecast_base,6
ONCOLOGY,2025-12-28,2.075366768,0.0,12.784643871,sf_forecast_base,6
ONCOLOGY,2025-12-29,24.168717026,12.407747935,35.029565593,sf_forecast_base,6
ONCOLOGY,2025-12-30,14.584310038,4.47810907,24.689293755,sf_forecast_base,6
ONCOLOGY,2025-12-31,17.321818587,6.097151807,27.849682785,sf_forecast_base,6
ORTHOPEDICS,2025-12-04,26.703381974,17.916939122,35.794904041,sf_forecast_base,6
ORTHOPEDICS,2025-12-05,26.1648061,17.239967019,34.766731361,sf_forecast_base,6
ORTHOPEDICS,2025-12-06,8.052531021,0.0,17.59376483,sf_forecast_base,6
ORTHOPEDICS,2025-12-07,6.795663886,0.0,15.827368034,sf_forecast_base,6
ORTHOPEDICS,2025-12-08,28.601727541,19.077689961,37.473925501,sf_forecast_base,6
ORTHOPEDICS,2025-12-09,28.026019583,18.962448716,36.818420585,sf_forecast_base,6
ORTHOPEDICS,2025-12-10,29.329552787,19.908222636,38.045950125,sf_forecast_base,6
ORTHOPEDICS,2025-12-11,26.074423453,16.742113635,34.724274721,sf_forecast_base,6
ORTHOPEDICS,2025-12-12,26.299823621,17.565274407,35.371005484,sf_forecast_base,6
ORTHOPEDICS,2025-12-13,8.134727232,0.0,16.850939125,sf_forecast_base,6
ORTHOPEDICS,2025-12-14,6.955894837,0.0,15.901613286,sf_forecast_base,6
ORTHOPEDICS,2025-12-15,29.786999475,20.670625358,38.994254309,sf_forecast_base,6
ORTHOPEDICS,2025-12-16,29.908645912,20.859520839,38.957121721,sf_forecast_base,6
ORTHOPEDICS,2025-12-17,29.76908418,20.549539123,39.037314594,sf_forecast_base,6
ORTHOPEDICS,2025-12-18,26.765242081,17.937698891,35.804771845,sf_forecast_base,6
ORTHOPEDICS,2025-12-19,26.959361606,17.65345918,36.588943873,sf_forecast_base,6
ORTHOPEDICS,2025-12-20,9.21938812,0.08746315278,18.26612638,sf_forecast_base,6
ORTHOPEDICS,2025-12-21,7.530431662,0.0,16.191392288,sf_forecast_base,6
ORTHOPEDICS,2025-12-22,29.604497666,20.843451942,38.924769945,sf_forecast_base,6
ORTHOPEDICS,2025-12-23,27.398841569,18.231198407,36.710265651,sf_forecast_base,6
ORTHOPEDICS,2025-12-24,29.991554665,20.978169211,39.423797744,sf_forecast_base,6
ORTHOPEDICS,2025-12-25,28.425577315,19.438374386,37.257071956,sf_forecast_base,6
ORTHOPEDICS,2025-12-26,26.824689357,17.327890229,35.879589997,sf_forecast_base,6
ORTHOPEDICS,2025-12-27,8.654668619,0.0,17.766362257,sf_forecast_base,6
ORTHOPEDICS,2025-12-28,6.457074639,0.0,15.465984308,sf_forecast_base,6
ORTHOPEDICS,2025-12-29,29.178473244,20.687605829,38.067155512,sf_forecast_base,6
ORTHOPEDICS,2025-12-30,30.145890308,21.051703491,39.077650571,sf_forecast_base,6
ORTHOPEDICS,2025-12-31,29.322246739,20.621790985,38.788225622,sf_forecast_base,6
CARDIOLOGY,2025-12-04,55.473049239,41.965300713,69.797542128,sf_forecast_base,6
CARDIOLOGY,2025-12-05,53.436042832,39.820988473,66.148313058,sf_forecast_base,6
CARDIOLOGY,2025-12-06,21.291093377,9.396507421,33.166072426,sf_forecast_base,6
CARDIOLOGY,2025-12-07,17.601428886,6.106984151,28.938007188,sf_forecast_base,6
CARDIOLOGY,2025-12-08,59.639057772,45.935121217,73.489454438,sf_forecast_base,6
CARDIOLOGY,2025-12-09,59.391320169,45.812600149,73.301585415,sf_forecast_base,6
CARDIOLOGY,2025-12-10,62.147636011,48.109712065,75.402312257,sf_forecast_base,6
CARDIOLOGY,2025-12-11,52.59020553,38.650422271,66.033905898,sf_forecast_base,6
CARDIOLOGY,2025-12-12,51.200026922,37.51471077,64.90632163,sf_forecast_base,6
CARDIOLOGY,2025-12-13,22.276560102,10.817670469,33.748808926,sf_forecast_base,6
CARDIOLOGY,2025-12-14,18.194865723,6.706359206,29.592987071,sf_forecast_base,6
CARDIOLOGY,2025-12-15,61.703361809,48.030042012,75.445558286,sf_forecast_base,6
CARDIOLOGY,2025-12-16,57.821052219,43.653829545,71.2279475,sf_forecast_base,6
CARDIOLOGY,2025-12-17,54.410198317,40.349387643,68.053762735,sf_forecast_base,6
CARDIOLOGY,2025-12-18,53.283357389,39.361377029,66.986126638,sf_forecast_base,6
CARDIOLOGY,2025-12-19,54.153894237,40.335036328,68.006979079,sf_forecast_base,6
CARDIOLOGY,2025-12-20,21.15417103,9.289743411,32.807495125,sf_forecast_base,6
CARDIOLOGY,2025-12-21,17.105536752,5.478464849,28.410963453,sf_forecast_base,6
CARDIOLOGY,2025-12-22,57.486122911,42.989877502,71.920060537,sf_forecast_base,6
CARDIOLOGY,2025-12-23,53.670493913,39.47699768,67.213022353,sf_forecast_base,6
CARDIOLOGY,2025-12-24,54.11842298,39.514925893,68.103198245,sf_forecast_base,6
CARDIOLOGY,2025-12-25,53.042852443,39.133382682,67.075664191,sf_forecast_base,6
CARDIOLOGY,2025-12-26,51.508771103,37.232256843,64.924578681,sf_forecast_base,6
CARDIOLOGY,2025-12-27,21.273289865,9.279620572,33.032928868,sf_forecast_base,6
CARDIOLOGY,2025-12-28,15.070461858,3.665233687,26.572277253,sf_forecast_base,6
CARDIOLOGY,2025-12-29,57.719419077,43.114062585,71.967020347,sf_forecast_base,6
CARDIOLOGY,2025-12-30,55.498969673,41.681650638,69.269077993,sf_forecast_base,6
CARDIOLOGY,2025-12-31,53.865481808,39.554907466,68.04445972,sf_forecast_base,6
ELECTIVE_SURGERY,2025-12-04,31.798908463,20.520377102,44.065435737,sf_forecast_base,6
ELECTIVE_SURGERY,2025-12-05,31.187930812,19.434538745,41.768487358,sf_forecast_base,6
ELECTIVE_SURGERY,2025-12-06,4.019056693,0.0,15.652062057,sf_forecast_base,6
ELECTIVE_SURGERY,2025-12-07,2.955341217,0.0,13.972823398,sf_forecast_base,6
ELECTIVE_SURGERY,2025-12-08,39.482216081,28.041171736,51.079106135,sf_forecast_base,6
ELECTIVE_SURGERY,2025-12-09,39.159747818,27.775996261,50.936314853,sf_forecast_base,6
ELECTIVE_SURGERY,2025-12-10,44.32674219,32.423538326,55.28249796,sf_forecast_base,6
ELECTIVE_SURGERY,2025-12-11,27.52533659,15.708305001,38.737612937,sf_forecast_base,6
ELECTIVE_SURGERY,2025-12-12,21.071658643,9.200545131,32.953168965,sf_forecast_base,6
ELECTIVE_SURGERY,2025-12-13,6.296165321,0.0,17.589120677,sf_forecast_base,6
ELECTIVE_SURGERY,2025-12-14,1.195665505,0.0,12.711884126,sf_forecast_base,6
ELECTIVE_SURGERY,2025-12-15,36.017699475,24.61111946,47.506928829,sf_forecast_base,6
ELECTIVE_SURGERY,2025-12-16,37.112497078,25.01077501,48.295425305,sf_forecast_base,6
ELECTIVE_SURGERY,2025-12-17,42.424991195,30.484801952,53.865562208,sf_forecast_base,6
ELECTIVE_SURGERY,2025-12-18,32.944949695,21.141269269,44.4851128,sf_forecast_base,6
ELECTIVE_SURGERY,2025-12-19,28.053625112,16.019633108,40.115595716,sf_forecast_base,6
ELECTIVE_SURGERY,2025-12-20,0.9813661994,0.0,12.582652717,sf_forecast_base,6
ELECTIVE_SURGERY,2025-12-21,2.273387139,0.0,13.948500133,sf_forecast_base,6
ELECTIVE_SURGERY,2025-12-22,34.428218944,22.051071141,46.744872103,sf_forecast_base,6
ELECTIVE_SURGERY,2025-12-23,31.354070837,19.207147917,42.714766087,sf_forecast_base,6
ELECTIVE_SURGERY,2025-12-24,26.352299783,13.754731704,38.215526513,sf_forecast_base,6
ELECTIVE_SURGERY,2025-12-25,23.496404087,11.693923695,35.444742851,sf_forecast_base,6
ELECTIVE_SURGERY,2025-12-26,25.786678234,13.144041596,37.316215415,sf_forecast_base,6
ELECTIVE_SURGERY,2025-12-27,0.0,0.0,8.713088728,sf_forecast_base,6
ELECTIVE_SURGERY,2025-12-28,2.202415286,0.0,14.252197764,sf_forecast_base,6
ELECTIVE_SURGERY,2025-12-29,41.534737973,29.032681801,53.632353693,sf_forecast_base,6
ELECTIVE_SURGERY,2025-12-30,28.495839702,16.790615786,40.140083722,sf_forecast_base,6
ELECTIVE_SURGERY,2025-12-31,33.882626514,21.635869604,45.992026649,sf_forecast_base,6
EMERGENCY,2025-12-04,188.841763741,150.576414157,227.107103687,sf_forecast_base,6
EMERGENCY,2025-12-05,195.927503602,157.649982873,234.205003451,sf_forecast_base,6
EMERGENCY,2025-12-06,215.815748612,177.526147148,254.105345257,sf_forecast_base,6
EMERGENCY,2025-12-07,217.075759336,178.774148849,255.377373839,sf_forecast_base,6
EMERGENCY,2025-12-08,226.132721069,187.81916746,264.446271466,sf_forecast_base,6
EMERGENCY,2025-12-09,232.456281454,194.130853695,270.781691546,sf_forecast_base,6
EMERGENCY,2025-12-10,226.097414197,187.760189988,264.434619132,sf_forecast_base,6
EMERGENCY,2025-12-11,219.6489099,181.299969691,257.99785011,sf_forecast_base,6
EMERGENCY,2025-12-12,213.42361543,175.063016752,251.784210895,sf_forecast_base,6
EMERGENCY,2025-12-13,205.07727833,166.705080331,243.449453039,sf_forecast_base,6
EMERGENCY,2025-12-14,221.560050835,183.176343222,259.943761659,sf_forecast_base,6
EMERGENCY,2025-12-15,233.588292053,195.193113212,271.983446801,sf_forecast_base,6
EMERGENCY,2025-12-16,244.11883986,205.71226643,282.525386787,sf_forecast_base,6
EMERGENCY,2025-12-17,221.572299492,183.154406243,259.990187119,sf_forecast_base,6
EMERGENCY,2025-12-18,209.546139554,171.116968094,247.975285316,sf_forecast_base,6
EMERGENCY,2025-12-19,229.899509,191.459137671,268.339869085,sf_forecast_base,6
EMERGENCY,2025-12-20,211.522474436,173.070956909,249.973982325,sf_forecast_base,6
EMERGENCY,2025-12-21,228.429276679,189.966665266,266.891866408,sf_forecast_base,6
EMERGENCY,2025-12-22,244.461243619,205.987607369,282.934867823,sf_forecast_base,6
EMERGENCY,2025-12-23,230.396190519,191.911583518,268.880788685,sf_forecast_base,6
EMERGENCY,2025-12-24,230.312216517,191.816686348,268.807723396,sf_forecast_base,6
EMERGENCY,2025-12-25,229.129957221,190.623566666,267.636324487,sf_forecast_base,6
EMERGENCY,2025-12-26,244.648151891,206.1309649,283.165334064,sf_forecast_base,6
EMERGENCY,2025-12-27,230.961793194,192.433844388,269.489717104,sf_forecast_base,6
EMERGENCY,2025-12-28,223.41257062,184.873936789,261.951206861,sf_forecast_base,6
EMERGENCY,2025-12-29,254.471759513,215.922465669,293.021028461,sf_forecast_base,6
EMERGENCY,2025-12-30,244.52221352,205.962338528,283.082090922,sf_forecast_base,6
EMERGENCY,2025-12-31,235.072378785,196.501945353,273.642785716,sf_forecast_base,6
ONCOLOGY,2025-07-17,24.751411301,17.599827684,32.114394813,sf_forecast_exog,1
ONCOLOGY,2025-07-18,24.854720776,17.602798276,31.882886509,sf_forecast_exog,1
ONCOLOGY,2025-07-19,5.369482425,0.0,13.052626407,sf_forecast_exog,1
ONCOLOGY,2025-07-20,4.862470655,0.0,12.196340501,sf_forecast_exog,1
ONCOLOGY,2025-07-21,28.75024665,21.071705751,35.97710748,sf_forecast_exog,1
ONCOLOGY,2025-07-22,28.310248625,20.94752108,35.485079767,sf_forecast_exog,1
ONCOLOGY,2025-07-23,26.399794263,18.786126775,33.524991682,sf_forecast_exog,1
ONCOLOGY,2025-07-24,26.228051939,18.673251327,33.309954983,sf_forecast_exog,1
ONCOLOGY,2025-07-25,23.961749586,16.818521053,31.338227071,sf_forecast_exog,1
ONCOLOGY,2025-07-26,5.405018568,0.0,12.537964381,sf_forecast_exog,1
ONCOLOGY,2025-07-27,4.73410839,0.0,12.028352291,sf_forecast_exog,1
ONCOLOGY,2025-07-28,29.778530284,22.36392455,37.256111277,sf_forecast_exog,1
ONCOLOGY,2025-07-29,29.081724407,21.711756454,36.451243679,sf_forecast_exog,1
ONCOLOGY,2025-07-30,29.879305397,22.389425223,37.4029224,sf_forecast_exog,1
ONCOLOGY,2025-07-31,26.270936917,19.050993234,33.637773023,sf_forecast_exog,1
ONCOLOGY,2025-08-01,22.546000072,14.99301453,30.323270893,sf_forecast_exog,1
ONCOLOGY,2025-08-02,5.327370381,0.0,12.702229419,sf_forecast_exog,1
ONCOLOGY,2025-08-03,3.741381227,0.0,10.850270879,sf_forecast_exog,1
ONCOLOGY,2025-08-04,29.441375428,22.261887571,37.008370045,sf_forecast_exog,1
ONCOLOGY,2025-08-05,28.024460496,20.562078205,35.586474065,sf_forecast_exog,1
ONCOLOGY,2025-08-06,26.208486104,18.851933398,33.855277384,sf_forecast_exog,1
ONCOLOGY,2025-08-07,26.482790493,19.14341071,33.714275255,sf_forecast_exog,1
ONCOLOGY,2025-08-08,23.393254217,15.699869087,30.780433465,sf_forecast_exog,1
ONCOLOGY,2025-08-09,5.093736025,0.0,12.521082059,sf_forecast_exog,1
ONCOLOGY,2025-08-10,4.373445184,0.0,11.730299197,sf_forecast_exog,1
ONCOLOGY,2025-08-11,28.623181416,21.624473932,35.897396793,sf_forecast_exog,1
ONCOLOGY,2025-08-12,27.616543525,20.199329178,34.921207527,sf_forecast_exog,1
ONCOLOGY,2025-08-13,25.719486165,18.574566664,33.394859586,sf_forecast_exog,1
PEDIATRICS,2025-07-17,19.033335432,12.198972404,25.867698459,sf_forecast_exog,1
PEDIATRICS,2025-07-18,18.534851859,11.723439574,25.346264145,sf_forecast_exog,1
PEDIATRICS,2025-07-19,17.356653749,10.566415156,24.146892343,sf_forecast_exog,1
PEDIATRICS,2025-07-20,16.066285243,9.281864499,22.850705986,sf_forecast_exog,1
PEDIATRICS,2025-07-21,18.918866234,12.103270297,25.734462171,sf_forecast_exog,1
PEDIATRICS,2025-07-22,19.145121765,12.295199192,25.995044337,sf_forecast_exog,1
PEDIATRICS,2025-07-23,17.65182577,10.747580672,24.556070868,sf_forecast_exog,1
PEDIATRICS,2025-07-24,17.916532138,11.024274251,24.808790024,sf_forecast_exog,1
PEDIATRICS,2025-07-25,17.263752855,10.381618659,24.145887051,sf_forecast_exog,1
PEDIATRICS,2025-07-26,16.211578031,9.337700719,23.085455343,sf_forecast_exog,1
PEDIATRICS,2025-07-27,15.014108111,8.126488666,21.901727557,sf_forecast_exog,1
PEDIATRICS,2025-07-28,18.103181136,11.149717472,25.056644799,sf_forecast_exog,1
PEDIATRICS,2025-07-29,17.933036361,10.911985444,24.954087278,sf_forecast_exog,1
PEDIATRICS,2025-07-30,17.240326147,10.126848995,24.353803298,sf_forecast_exog,1
PEDIATRICS,2025-07-31,17.177927317,10.063570592,24.292284042,sf_forecast_exog,1
PEDIATRICS,2025-08-01,16.951818328,9.834821654,24.068815003,sf_forecast_exog,1
PEDIATRICS,2025-08-02,15.152570855,8.031197077,22.273944634,sf_forecast_exog,1
PEDIATRICS,2025-08-03,15.00865934,7.855526815,22.161791865,sf_forecast_exog,1
PEDIATRICS,2025-08-04,17.05818995,9.80901758,24.307362319,sf_forecast_exog,1
PEDIATRICS,2025-08-05,16.84140007,9.496102989,24.186697151,sf_forecast_exog,1
PEDIATRICS,2025-08-06,15.690810221,8.221145585,23.160474858,sf_forecast_exog,1
PEDIATRICS,2025-08-07,16.352004335,8.869845223,23.834163447,sf_forecast_exog,1
PEDIATRICS,2025-08-08,15.92978822,8.433639096,23.425937345,sf_forecast_exog,1
PEDIATRICS,2025-08-09,15.089490547,7.577893581,22.601087512,sf_forecast_exog,1
PEDIATRICS,2025-08-10,14.058105825,6.499790858,21.616420792,sf_forecast_exog,1
PEDIATRICS,2025-08-11,16.383411577,8.705223546,24.061599609,sf_forecast_exog,1
PEDIATRICS,2025-08-12,16.434479029,8.637845818,24.231112241,sf_forecast_exog,1
PEDIATRICS,2025-08-13,15.605781207,7.660208818,23.551353597,sf_forecast_exog,1
EMERGENCY,2025-07-17,105.352112433,77.592046807,133.112178058,sf_forecast_exog,1
EMERGENCY,2025-07-18,105.021339424,77.174305477,132.86837337,sf_forecast_exog,1
EMERGENCY,2025-07-19,104.697181875,76.754105802,132.640257947,sf_forecast_exog,1
EMERGENCY,2025-07-20,104.379507477,76.331454297,132.427560656,sf_forecast_exog,1
EMERGENCY,2025-07-21,104.068186567,75.906372594,132.230000539,sf_forecast_exog,1
EMERGENCY,2025-07-22,103.763092075,75.478896239,132.047287911,sf_forecast_exog,1
EMERGENCY,2025-07-23,103.464099473,75.049073494,131.879125452,sf_forecast_exog,1
EMERGENCY,2025-07-24,103.171086723,74.616964165,131.725209282,sf_forecast_exog,1
EMERGENCY,2025-07-25,102.883934228,74.182638434,131.585230023,sf_forecast_exog,1
EMERGENCY,2025-07-26,102.602524783,73.746175738,131.458873828,sf_forecast_exog,1
EMERGENCY,2025-07-27,102.326743527,73.307663676,131.345823378,sf_forecast_exog,1
EMERGENCY,2025-07-28,102.056477896,72.867196954,131.245758838,sf_forecast_exog,1
EMERGENCY,2025-07-29,101.791617578,72.42487638,131.158358775,sf_forecast_exog,1
EMERGENCY,2025-07-30,101.532054466,71.980807911,131.083301021,sf_forecast_exog,1
EMERGENCY,2025-07-31,101.277682616,71.535101743,131.020263489,sf_forecast_exog,1
EMERGENCY,2025-08-01,101.028398203,71.087871465,130.968924941,sf_forecast_exog,1
EMERGENCY,2025-08-02,100.784099479,70.639233264,130.928965694,sf_forecast_exog,1
EMERGENCY,2025-08-03,100.544686729,70.189305184,130.900068274,sf_forecast_exog,1
EMERGENCY,2025-08-04,100.310062234,69.738206448,130.88191802,sf_forecast_exog,1
EMERGENCY,2025-08-05,100.080130229,69.28605683,130.874203627,sf_forecast_exog,1
EMERGENCY,2025-08-06,99.854796864,68.832976087,130.87661764,sf_forecast_exog,1
EMERGENCY,2025-08-07,99.633970166,68.379083435,130.888856897,sf_forecast_exog,1
EMERGENCY,2025-08-08,99.417560002,67.924497091,130.910622913,sf_forecast_exog,1
EMERGENCY,2025-08-09,99.205478042,67.46933385,130.941622233,sf_forecast_exog,1
EMERGENCY,2025-08-10,98.99763772,67.013708719,130.981566722,sf_forecast_exog,1
EMERGENCY,2025-08-11,98.793954206,66.55773459,131.030173821,sf_forecast_exog,1
EMERGENCY,2025-08-12,98.594344361,66.101521962,131.087166761,sf_forecast_exog,1
EMERGENCY,2025-08-13,98.398726713,65.64517869,131.152274737,sf_forecast_exog,1
ORTHOPEDICS,2025-07-17,48.455431157,41.601470839,55.850711994,sf_forecast_exog,1
ORTHOPEDICS,2025-07-18,44.542483154,37.423273181,51.058587765,sf_forecast_exog,1
ORTHOPEDICS,2025-07-19,19.027034594,13.037874855,24.751918611,sf_forecast_exog,1
ORTHOPEDICS,2025-07-20,19.065903437,13.053835289,24.841249628,sf_forecast_exog,1
ORTHOPEDICS,2025-07-21,51.731370648,43.889853445,60.022334811,sf_forecast_exog,1
ORTHOPEDICS,2025-07-22,49.481665196,41.341067295,58.050152843,sf_forecast_exog,1
ORTHOPEDICS,2025-07-23,49.495237904,41.271183335,57.394175796,sf_forecast_exog,1
ORTHOPEDICS,2025-07-24,46.930367483,38.203504247,55.537642662,sf_forecast_exog,1
ORTHOPEDICS,2025-07-25,49.136037965,39.783908729,58.32885358,sf_forecast_exog,1
ORTHOPEDICS,2025-07-26,22.053763704,14.957033609,29.147962807,sf_forecast_exog,1
ORTHOPEDICS,2025-07-27,20.358596271,12.995472721,27.625023526,sf_forecast_exog,1
ORTHOPEDICS,2025-07-28,53.433016355,43.9197476,62.970252601,sf_forecast_exog,1
ORTHOPEDICS,2025-07-29,53.070270423,43.154686939,62.304972513,sf_forecast_exog,1
ORTHOPEDICS,2025-07-30,50.61890261,40.815071033,60.040171805,sf_forecast_exog,1
ORTHOPEDICS,2025-07-31,51.292295959,41.293072278,61.008715986,sf_forecast_exog,1
ORTHOPEDICS,2025-08-01,46.705503977,36.735501664,56.555765367,sf_forecast_exog,1
ORTHOPEDICS,2025-08-02,23.185114651,14.523125171,31.669981054,sf_forecast_exog,1
ORTHOPEDICS,2025-08-03,22.210543258,13.756273354,30.710459057,sf_forecast_exog,1
ORTHOPEDICS,2025-08-04,51.013560669,39.58475898,62.11254024,sf_forecast_exog,1
ORTHOPEDICS,2025-08-05,51.329602982,40.33279934,61.667262407,sf_forecast_exog,1
ORTHOPEDICS,2025-08-06,53.158806104,41.535731787,64.01315581,sf_forecast_exog,1
ORTHOPEDICS,2025-08-07,52.208558391,41.48321135,63.106620756,sf_forecast_exog,1
ORTHOPEDICS,2025-08-08,49.374755177,38.097062446,60.095755785,sf_forecast_exog,1
ORTHOPEDICS,2025-08-09,23.003388089,13.523672305,32.426992325,sf_forecast_exog,1
ORTHOPEDICS,2025-08-10,20.587687148,11.179615701,29.941149429,sf_forecast_exog,1
ORTHOPEDICS,2025-08-11,54.186415288,41.88084735,66.014772494,sf_forecast_exog,1
ORTHOPEDICS,2025-08-12,53.71065115,42.165071723,65.303010375,sf_forecast_exog,1
ORTHOPEDICS,2025-08-13,52.20197002,40.099091519,63.870608503,sf_forecast_exog,1
ELECTIVE_SURGERY,2025-07-17,35.45584595,25.539138869,45.690818426,sf_forecast_exog,1
ELECTIVE_SURGERY,2025-07-18,30.216131518,20.153965404,39.941426657,sf_forecast_exog,1
ELECTIVE_SURGERY,2025-07-19,4.197869869,0.0,14.904153987,sf_forecast_exog,1
ELECTIVE_SURGERY,2025-07-20,3.772081021,0.0,13.947898413,sf_forecast_exog,1
ELECTIVE_SURGERY,2025-07-21,36.087565071,25.397048624,46.098069379,sf_forecast_exog,1
ELECTIVE_SURGERY,2025-07-22,36.884592306,26.674154659,46.812939307,sf_forecast_exog,1
ELECTIVE_SURGERY,2025-07-23,37.983563297,27.398013865,47.833713001,sf_forecast_exog,1
ELECTIVE_SURGERY,2025-07-24,36.162094631,25.668319568,45.94391367,sf_forecast_exog,1
ELECTIVE_SURGERY,2025-07-25,30.092433829,20.22111885,40.314888551,sf_forecast_exog,1
ELECTIVE_SURGERY,2025-07-26,4.841922646,0.0,14.695254014,sf_forecast_exog,1
ELECTIVE_SURGERY,2025-07-27,4.469260393,0.0,14.562991272,sf_forecast_exog,1
ELECTIVE_SURGERY,2025-07-28,36.135708292,25.862816369,46.503409003,sf_forecast_exog,1
ELECTIVE_SURGERY,2025-07-29,35.055540729,24.851704148,45.258700138,sf_forecast_exog,1
ELECTIVE_SURGERY,2025-07-30,36.12689172,25.744208267,46.560405312,sf_forecast_exog,1
ELECTIVE_SURGERY,2025-07-31,35.033318649,25.058436121,45.229366613,sf_forecast_exog,1
ELECTIVE_SURGERY,2025-08-01,31.642101269,21.167080479,42.45464014,sf_forecast_exog,1
ELECTIVE_SURGERY,2025-08-02,7.026708614,0.0,17.232468825,sf_forecast_exog,1
ELECTIVE_SURGERY,2025-08-03,6.733470848,0.0,16.53788615,sf_forecast_exog,1
ELECTIVE_SURGERY,2025-08-04,35.867121025,25.957187351,46.360428919,sf_forecast_exog,1
ELECTIVE_SURGERY,2025-08-05,36.900695676,26.565483354,47.385903642,sf_forecast_exog,1
ELECTIVE_SURGERY,2025-08-06,37.843843138,27.668255182,48.456201161,sf_forecast_exog,1
ELECTIVE_SURGERY,2025-08-07,37.022002597,26.872809686,47.008757408,sf_forecast_exog,1
ELECTIVE_SURGERY,2025-08-08,30.913821419,20.231895949,41.134748234,sf_forecast_exog,1
ELECTIVE_SURGERY,2025-08-09,5.37991598,0.0,15.661311786,sf_forecast_exog,1
ELECTIVE_SURGERY,2025-08-10,5.320259738,0.0,15.495144433,sf_forecast_exog,1
ELECTIVE_SURGERY,2025-08-11,36.367123865,26.722181903,46.417985728,sf_forecast_exog,1
ELECTIVE_SURGERY,2025-08-12,37.498179042,27.231816369,47.595094235,sf_forecast_exog,1
ELECTIVE_SURGERY,2025-08-13,36.762605258,26.905876231,47.417827947,sf_forecast_exog,1
CARDIOLOGY,2025-07-17,40.966191832,30.729029641,51.523112615,sf_forecast_exog,1
CARDIOLOGY,2025-07-18,44.507985835,34.090532921,54.561013456,sf_forecast_exog,1
CARDIOLOGY,2025-07-19,15.253252964,5.125218558,25.669012092,sf_forecast_exog,1
CARDIOLOGY,2025-07-20,17.196422261,7.233011444,27.215044481,sf_forecast_exog,1
CARDIOLOGY,2025-07-21,43.144040274,32.387434191,53.556427813,sf_forecast_exog,1
CARDIOLOGY,2025-07-22,44.071214979,33.634174883,54.412198699,sf_forecast_exog,1
CARDIOLOGY,2025-07-23,43.20990571,32.436669708,53.432504636,sf_forecast_exog,1
CARDIOLOGY,2025-07-24,45.688538205,34.990150659,55.902896003,sf_forecast_exog,1
CARDIOLOGY,2025-07-25,35.02162298,24.722782725,45.517610866,sf_forecast_exog,1
CARDIOLOGY,2025-07-26,15.089792144,5.193511197,25.00675346,sf_forecast_exog,1
CARDIOLOGY,2025-07-27,12.63020711,2.604870523,22.642857265,sf_forecast_exog,1
CARDIOLOGY,2025-07-28,41.096420042,30.513776271,51.743454184,sf_forecast_exog,1
CARDIOLOGY,2025-07-29,45.363339058,34.678390537,55.890624797,sf_forecast_exog,1
CARDIOLOGY,2025-07-30,47.597964503,36.871698108,58.273480484,sf_forecast_exog,1
CARDIOLOGY,2025-07-31,43.241813851,32.747833915,53.813711749,sf_forecast_exog,1
CARDIOLOGY,2025-08-01,43.84421634,33.09838793,54.779730749,sf_forecast_exog,1
CARDIOLOGY,2025-08-02,13.024908064,2.767438294,23.194714546,sf_forecast_exog,1
CARDIOLOGY,2025-08-03,12.994712631,2.623172479,22.916385279,sf_forecast_exog,1
CARDIOLOGY,2025-08-04,47.620129775,37.045412479,58.502136845,sf_forecast_exog,1
CARDIOLOGY,2025-08-05,39.752163146,29.020616939,50.450286919,sf_forecast_exog,1
CARDIOLOGY,2025-08-06,44.368112806,33.601874108,55.264576083,sf_forecast_exog,1
CARDIOLOGY,2025-08-07,47.832179517,37.200678624,58.39394781,sf_forecast_exog,1
CARDIOLOGY,2025-08-08,39.52520287,28.559338792,50.084440798,sf_forecast_exog,1
CARDIOLOGY,2025-08-09,13.194790921,2.635745531,23.521986215,sf_forecast_exog,1
CARDIOLOGY,2025-08-10,14.274988697,4.251615712,24.486738619,sf_forecast_exog,1
CARDIOLOGY,2025-08-11,44.76977192,34.230032651,55.460924797,sf_forecast_exog,1
CARDIOLOGY,2025-08-12,46.552883623,35.806890525,57.194451422,sf_forecast_exog,1
CARDIOLOGY,2025-08-13,45.003177036,34.311507142,56.103818963,sf_forecast_exog,1
PEDIATRICS,2025-08-14,24.574479566,15.550525628,33.645585647,sf_forecast_exog,2
PEDIATRICS,2025-08-15,25.043908577,15.943800134,34.094107963,sf_forecast_exog,2
PEDIATRICS,2025-08-16,23.732418606,14.561122264,32.983436204,sf_forecast_exog,2
PEDIATRICS,2025-08-17,22.73565714,13.530229609,31.964521396,sf_forecast_exog,2
PEDIATRICS,2025-08-18,25.814210755,16.451627153,35.076047274,sf_forecast_exog,2
PEDIATRICS,2025-08-19,25.176751367,15.827865058,34.485412733,sf_forecast_exog,2
PEDIATRICS,2025-08-20,27.673160728,18.207884528,37.029484461,sf_forecast_exog,2
PEDIATRICS,2025-08-21,27.032022522,17.519466411,36.43909903,sf_forecast_exog,2
PEDIATRICS,2025-08-22,26.401705351,16.919271907,35.936161734,sf_forecast_exog,2
PEDIATRICS,2025-08-23,25.769948645,16.23181362,35.313243282,sf_forecast_exog,2
PEDIATRICS,2025-08-24,25.156337692,15.513679492,34.799595316,sf_forecast_exog,2
PEDIATRICS,2025-08-25,27.133106351,17.397290288,36.882968548,sf_forecast_exog,2
PEDIATRICS,2025-08-26,27.121774512,17.328969711,36.914478869,sf_forecast_exog,2
PEDIATRICS,2025-08-27,27.231812814,17.344056456,37.127175842,sf_forecast_exog,2
PEDIATRICS,2025-08-28,26.544745896,16.647485649,36.474804826,sf_forecast_exog,2
PEDIATRICS,2025-08-29,27.071956484,17.029441953,37.163744335,sf_forecast_exog,2
PEDIATRICS,2025-08-30,26.359011614,16.271589204,36.434097553,sf_forecast_exog,2
PEDIATRICS,2025-08-31,25.707566767,15.512985209,35.796953173,sf_forecast_exog,2
PEDIATRICS,2025-09-01,29.159600323,18.979533435,39.426054236,sf_forecast_exog,2
PEDIATRICS,2025-09-02,28.482561293,18.16316945,38.82417536,sf_forecast_exog,2
PEDIATRICS,2025-09-03,28.580402573,18.206720544,39.017538775,sf_forecast_exog,2
PEDIATRICS,2025-09-04,29.599098069,19.150887329,40.023242261,sf_forecast_exog,2
PEDIATRICS,2025-09-05,28.773932536,18.166776717,39.312789798,sf_forecast_exog,2
PEDIATRICS,2025-09-06,27.112153998,16.437972107,37.74138646,sf_forecast_exog,2
PEDIATRICS,2025-09-07,27.202032518,16.552873336,37.898048968,sf_forecast_exog,2
PEDIATRICS,2025-09-08,29.123643623,18.427887616,39.88639519,sf_forecast_exog,2
PEDIATRICS,2025-09-09,30.217124796,19.340493323,41.069211083,sf_forecast_exog,2
PEDIATRICS,2025-09-10,29.005062772,18.10038331,40.02386317,sf_forecast_exog,2
ORTHOPEDICS,2025-08-14,44.390803343,31.441628273,58.411542243,sf_forecast_exog,2
ORTHOPEDICS,2025-08-15,46.377631866,32.833315833,58.599491974,sf_forecast_exog,2
ORTHOPEDICS,2025-08-16,21.397412828,10.848506426,31.370897797,sf_forecast_exog,2
ORTHOPEDICS,2025-08-17,16.783221201,6.890500563,26.215625463,sf_forecast_exog,2
ORTHOPEDICS,2025-08-18,48.656496473,36.139894681,61.956057729,sf_forecast_exog,2
ORTHOPEDICS,2025-08-19,48.852156563,35.787491868,62.720763976,sf_forecast_exog,2
ORTHOPEDICS,2025-08-20,49.473173916,35.995838597,62.261424771,sf_forecast_exog,2
ORTHOPEDICS,2025-08-21,49.824362802,36.18922027,63.225968271,sf_forecast_exog,2
ORTHOPEDICS,2025-08-22,46.812868495,33.529084128,59.843790225,sf_forecast_exog,2
ORTHOPEDICS,2025-08-23,21.488479547,11.351127997,31.619344031,sf_forecast_exog,2
ORTHOPEDICS,2025-08-24,19.016281725,8.992660769,28.846052218,sf_forecast_exog,2
ORTHOPEDICS,2025-08-25,50.294617378,37.1312883,63.497266587,sf_forecast_exog,2
ORTHOPEDICS,2025-08-26,49.778873314,35.589334913,62.664440741,sf_forecast_exog,2
ORTHOPEDICS,2025-08-27,53.266174166,38.633400042,67.041872971,sf_forecast_exog,2
ORTHOPEDICS,2025-08-28,47.465729618,33.721887011,60.666701378,sf_forecast_exog,2
ORTHOPEDICS,2025-08-29,47.825754768,34.09982113,61.306120891,sf_forecast_exog,2
ORTHOPEDICS,2025-08-30,19.259025693,9.190899138,29.057665381,sf_forecast_exog,2
ORTHOPEDICS,2025-08-31,15.910660256,6.385207066,25.504008156,sf_forecast_exog,2
ORTHOPEDICS,2025-09-01,46.269245353,31.858333387,60.126278383,sf_forecast_exog,2
ORTHOPEDICS,2025-09-02,48.024119046,34.324284321,60.574949474,sf_forecast_exog,2
ORTHOPEDICS,2025-09-03,49.453182667,34.397063896,63.067259091,sf_forecast_exog,2
ORTHOPEDICS,2025-09-04,45.586134995,32.230430803,59.276425178,sf_forecast_exog,2
ORTHOPEDICS,2025-09-05,45.356966568,31.547243202,58.137991191,sf_forecast_exog,2
ORTHOPEDICS,2025-09-06,18.409336419,8.438207898,28.288571035,sf_forecast_exog,2
ORTHOPEDICS,2025-09-07,17.362066386,7.276985457,27.334958204,sf_forecast_exog,2
ORTHOPEDICS,2025-09-08,49.116761749,33.071597663,64.14609273,sf_forecast_exog,2
ORTHOPEDICS,2025-09-09,50.527241816,36.384870567,64.758204512,sf_forecast_exog,2
ORTHOPEDICS,2025-09-10,47.691636538,32.713875545,61.75784828,sf_forecast_exog,2
ONCOLOGY,2025-08-14,24.732773325,15.743601217,33.971080705,sf_forecast_exog,2
ONCOLOGY,2025-08-15,24.729086074,15.626092368,33.547299178,sf_forecast_exog,2
ONCOLOGY,2025-08-16,5.311193555,0.0,14.562797155,sf_forecast_exog,2
ONCOLOGY,2025-08-17,4.806449241,0.0,13.809995807,sf_forecast_exog,2
ONCOLOGY,2025-08-18,28.160316395,18.952514857,37.211866574,sf_forecast_exog,2
ONCOLOGY,2025-08-19,28.561259585,19.495164665,37.616793099,sf_forecast_exog,2
ONCOLOGY,2025-08-20,26.674363265,17.425676801,35.568957018,sf_forecast_exog,2
ONCOLOGY,2025-08-21,25.309142304,16.103197488,34.224179226,sf_forecast_exog,2
ONCOLOGY,2025-08-22,24.312251925,15.267788378,33.452425199,sf_forecast_exog,2
ONCOLOGY,2025-08-23,5.127842764,0.0,14.067720161,sf_forecast_exog,2
ONCOLOGY,2025-08-24,4.636456082,0.0,13.673993947,sf_forecast_exog,2
ONCOLOGY,2025-08-25,29.295962284,20.232436518,38.398655935,sf_forecast_exog,2
ONCOLOGY,2025-08-26,28.695619334,19.538982526,37.699597918,sf_forecast_exog,2
ONCOLOGY,2025-08-27,26.895469028,17.721599344,36.0001522,sf_forecast_exog,2
ONCOLOGY,2025-08-28,25.088442554,16.050191944,34.142308906,sf_forecast_exog,2
ONCOLOGY,2025-08-29,20.714259546,11.507645503,30.016076821,sf_forecast_exog,2
ONCOLOGY,2025-08-30,2.990755852,0.0,12.04990079,sf_forecast_exog,2
ONCOLOGY,2025-08-31,3.121094505,0.0,12.081329122,sf_forecast_exog,2
ONCOLOGY,2025-09-01,14.284605514,5.183504856,23.532142696,sf_forecast_exog,2
ONCOLOGY,2025-09-02,24.195674638,15.022598698,33.278378664,sf_forecast_exog,2
ONCOLOGY,2025-09-03,24.190324734,14.988903126,33.386779946,sf_forecast_exog,2
ONCOLOGY,2025-09-04,22.709036098,13.650249802,31.748398092,sf_forecast_exog,2
ONCOLOGY,2025-09-05,24.8248181,15.487695123,33.853891708,sf_forecast_exog,2
ONCOLOGY,2025-09-06,4.254097894,0.0,13.367355501,sf_forecast_exog,2
ONCOLOGY,2025-09-07,3.490695866,0.0,12.586622713,sf_forecast_exog,2
ONCOLOGY,2025-09-08,28.535538736,19.512842444,37.602545516,sf_forecast_exog,2
ONCOLOGY,2025-09-09,27.64051066,18.584810178,36.641340656,sf_forecast_exog,2
ONCOLOGY,2025-09-10,27.296293131,18.263807745,36.520186681,sf_forecast_exog,2
ELECTIVE_SURGERY,2025-08-14,40.2535608,28.593456853,52.073494164,sf_forecast_exog,2
ELECTIVE_SURGERY,2025-08-15,37.012138418,25.28514487,48.569956362,sf_forecast_exog,2
ELECTIVE_SURGERY,2025-08-16,10.911675905,0.0,22.956001018,sf_forecast_exog,2
ELECTIVE_SURGERY,2025-08-17,9.637516468,0.0,21.409328185,sf_forecast_exog,2
ELECTIVE_SURGERY,2025-08-18,43.464485061,31.440290765,55.147180156,sf_forecast_exog,2
ELECTIVE_SURGERY,2025-08-19,43.168677183,31.392781932,54.804037945,sf_forecast_exog,2
ELECTIVE_SURGERY,2025-08-20,42.941246992,30.981897799,54.531280367,sf_forecast_exog,2
ELECTIVE_SURGERY,2025-08-21,42.19918724,30.291963002,53.748870157,sf_forecast_exog,2
ELECTIVE_SURGERY,2025-08-22,34.65056163,23.061949476,46.415513576,sf_forecast_exog,2
ELECTIVE_SURGERY,2025-08-23,9.754287177,0.0,21.327909501,sf_forecast_exog,2
ELECTIVE_SURGERY,2025-08-24,10.226053672,0.0,21.914374399,sf_forecast_exog,2
ELECTIVE_SURGERY,2025-08-25,45.533063703,33.760713177,57.353024281,sf_forecast_exog,2
ELECTIVE_SURGERY,2025-08-26,41.487077931,29.755345128,53.218468354,sf_forecast_exog,2
ELECTIVE_SURGERY,2025-08-27,39.766561401,27.950949819,51.607714323,sf_forecast_exog,2
ELECTIVE_SURGERY,2025-08-28,40.047953533,28.443020577,51.763958455,sf_forecast_exog,2
ELECTIVE_SURGERY,2025-08-29,28.081446574,16.231232434,40.10093989,sf_forecast_exog,2
ELECTIVE_SURGERY,2025-08-30,6.390231456,0.0,18.099360971,sf_forecast_exog,2
ELECTIVE_SURGERY,2025-08-31,6.452213506,0.0,17.953944533,sf_forecast_exog,2
ELECTIVE_SURGERY,2025-09-01,23.37318041,11.824286585,35.215030777,sf_forecast_exog,2
ELECTIVE_SURGERY,2025-09-02,34.593879224,22.837222791,46.425859174,sf_forecast_exog,2
ELECTIVE_SURGERY,2025-09-03,36.629740247,24.958961148,48.519782583,sf_forecast_exog,2
ELECTIVE_SURGERY,2025-09-04,33.200358578,21.548687661,44.770452326,sf_forecast_exog,2
ELECTIVE_SURGERY,2025-09-05,38.105309824,26.191862017,49.787244496,sf_forecast_exog,2
ELECTIVE_SURGERY,2025-09-06,8.646020744,0.0,20.352628064,sf_forecast_exog,2
ELECTIVE_SURGERY,2025-09-07,8.613760802,0.0,20.260993875,sf_forecast_exog,2
ELECTIVE_SURGERY,2025-09-08,40.508432456,29.130021785,52.087792727,sf_forecast_exog,2
ELECTIVE_SURGERY,2025-09-09,47.913434285,36.231538292,59.510230769,sf_forecast_exog,2
ELECTIVE_SURGERY,2025-09-10,43.894735593,32.422411289,55.766192061,sf_forecast_exog,2
EMERGENCY,2025-08-14,97.46296002,71.085224765,123.943162657,sf_forecast_exog,2
EMERGENCY,2025-08-15,97.763610785,71.324331251,124.094433297,sf_forecast_exog,2
EMERGENCY,2025-08-16,98.086489235,71.600007007,124.746215186,sf_forecast_exog,2
EMERGENCY,2025-08-17,98.832150825,72.381249919,125.333985875,sf_forecast_exog,2
EMERGENCY,2025-08-18,110.884764526,84.19878361,137.351822119,sf_forecast_exog,2
EMERGENCY,2025-08-19,99.500919612,72.956103214,125.963153,sf_forecast_exog,2
EMERGENCY,2025-08-20,100.544619612,73.86141233,126.991063164,sf_forecast_exog,2
EMERGENCY,2025-08-21,97.690386639,71.017553929,124.130364504,sf_forecast_exog,2
EMERGENCY,2025-08-22,98.076662419,71.590348519,124.676855052,sf_forecast_exog,2
EMERGENCY,2025-08-23,97.065465745,70.579754701,123.56310227,sf_forecast_exog,2
EMERGENCY,2025-08-24,92.609035154,66.018938954,119.196484297,sf_forecast_exog,2
EMERGENCY,2025-08-25,111.906099159,85.237718694,138.607735448,sf_forecast_exog,2
EMERGENCY,2025-08-26,99.621668664,72.957010386,126.286111804,sf_forecast_exog,2
EMERGENCY,2025-08-27,99.140667675,72.402879786,125.893654443,sf_forecast_exog,2
EMERGENCY,2025-08-28,105.14414866,78.517170777,131.842541641,sf_forecast_exog,2
EMERGENCY,2025-08-29,108.857007736,82.057821595,135.762166515,sf_forecast_exog,2
EMERGENCY,2025-08-30,102.506563216,75.739948207,129.246365932,sf_forecast_exog,2
EMERGENCY,2025-08-31,108.018166004,81.160660308,134.647067385,sf_forecast_exog,2
EMERGENCY,2025-09-01,133.275678326,106.589926984,160.155890188,sf_forecast_exog,2
EMERGENCY,2025-09-02,104.272551838,77.429067721,131.164329471,sf_forecast_exog,2
EMERGENCY,2025-09-03,105.401029056,78.58695078,132.345670578,sf_forecast_exog,2
EMERGENCY,2025-09-04,109.25878534,82.445915041,136.043705788,sf_forecast_exog,2
EMERGENCY,2025-09-05,107.8996833,80.882363392,134.768579807,sf_forecast_exog,2
EMERGENCY,2025-09-06,116.224264297,89.221880389,143.146742529,sf_forecast_exog,2
EMERGENCY,2025-09-07,101.270310828,74.476901321,128.166479319,sf_forecast_exog,2
EMERGENCY,2025-09-08,115.566625659,88.828456922,142.448234714,sf_forecast_exog,2
EMERGENCY,2025-09-09,104.825106704,77.854675367,131.741721355,sf_forecast_exog,2
EMERGENCY,2025-09-10,103.762738384,76.897398794,130.868045764,sf_forecast_exog,2
CARDIOLOGY,2025-08-14,42.131406265,28.532303459,57.089806587,sf_forecast_exog,2
CARDIOLOGY,2025-08-15,36.616398621,23.58618268,48.283278944,sf_forecast_exog,2
CARDIOLOGY,2025-08-16,13.729556566,4.256055754,22.753221164,sf_forecast_exog,2
CARDIOLOGY,2025-08-17,12.859108724,3.334204074,21.871930637,sf_forecast_exog,2
CARDIOLOGY,2025-08-18,42.198718746,29.369932229,55.927325239,sf_forecast_exog,2
CARDIOLOGY,2025-08-19,42.028162147,28.621414761,56.365963551,sf_forecast_exog,2
CARDIOLOGY,2025-08-20,43.400075704,29.178931082,56.73601375,sf_forecast_exog,2
CARDIOLOGY,2025-08-21,40.209963667,26.861132613,53.277648982,sf_forecast_exog,2
CARDIOLOGY,2025-08-22,39.492592785,25.261188862,53.408738436,sf_forecast_exog,2
CARDIOLOGY,2025-08-23,15.159111743,5.800494542,24.510725876,sf_forecast_exog,2
CARDIOLOGY,2025-08-24,11.025398105,1.899965726,19.989132969,sf_forecast_exog,2
CARDIOLOGY,2025-08-25,40.990012571,28.204374511,53.810269917,sf_forecast_exog,2
CARDIOLOGY,2025-08-26,42.79671045,28.049565293,56.011613015,sf_forecast_exog,2
CARDIOLOGY,2025-08-27,41.826216818,27.746767979,55.056460292,sf_forecast_exog,2
CARDIOLOGY,2025-08-28,44.178398994,29.152275193,58.495683001,sf_forecast_exog,2
CARDIOLOGY,2025-08-29,38.072830175,24.667698299,51.22992369,sf_forecast_exog,2
CARDIOLOGY,2025-08-30,15.930240059,5.667599305,25.835312142,sf_forecast_exog,2
CARDIOLOGY,2025-08-31,12.389941721,3.180652196,21.63287137,sf_forecast_exog,2
CARDIOLOGY,2025-09-01,42.321046585,26.726515238,57.233275751,sf_forecast_exog,2
CARDIOLOGY,2025-09-02,40.654802088,26.152212411,53.767410322,sf_forecast_exog,2
CARDIOLOGY,2025-09-03,40.479915184,24.980731001,54.391221899,sf_forecast_exog,2
CARDIOLOGY,2025-09-04,41.213594531,26.570669269,56.248987877,sf_forecast_exog,2
CARDIOLOGY,2025-09-05,39.024579221,24.019858945,52.702992443,sf_forecast_exog,2
CARDIOLOGY,2025-09-06,16.136090527,5.694592572,26.426352575,sf_forecast_exog,2
CARDIOLOGY,2025-09-07,14.12747489,3.963148171,24.165676126,sf_forecast_exog,2
CARDIOLOGY,2025-09-08,45.182828509,28.434419426,60.782025224,sf_forecast_exog,2
CARDIOLOGY,2025-09-09,42.253918242,28.206913603,56.348074779,sf_forecast_exog,2
CARDIOLOGY,2025-09-10,42.328887446,26.30028606,57.29893854,sf_forecast_exog,2
ONCOLOGY,2025-09-11,25.026547939,17.267843523,32.943290825,sf_forecast_exog,3
ONCOLOGY,2025-09-12,26.252049201,18.416341125,33.920481721,sf_forecast_exog,3
ONCOLOGY,2025-09-13,4.271919142,0.0,12.43223995,sf_forecast_exog,3
ONCOLOGY,2025-09-14,3.841826359,0.0,11.743504204,sf_forecast_exog,3
ONCOLOGY,2025-09-15,29.447681316,21.28566645,37.272033482,sf_forecast_exog,3
ONCOLOGY,2025-09-16,27.511694127,19.582912853,35.300005395,sf_forecast_exog,3
ONCOLOGY,2025-09-17,25.745667152,17.626267665,33.499899463,sf_forecast_exog,3
ONCOLOGY,2025-09-18,26.010654506,17.932080544,33.735702533,sf_forecast_exog,3
ONCOLOGY,2025-09-19,22.006213499,14.232008381,29.954803226,sf_forecast_exog,3
ONCOLOGY,2025-09-20,4.390611121,0.0,12.160598997,sf_forecast_exog,3
ONCOLOGY,2025-09-21,4.599855466,0.0,12.494008933,sf_forecast_exog,3
ONCOLOGY,2025-09-22,28.121244539,20.1334176,36.156151725,sf_forecast_exog,3
ONCOLOGY,2025-09-23,27.95474717,19.996489138,35.912671324,sf_forecast_exog,3
ONCOLOGY,2025-09-24,26.768895645,18.717092383,34.845919417,sf_forecast_exog,3
ONCOLOGY,2025-09-25,25.349477632,17.495480198,33.31328849,sf_forecast_exog,3
ONCOLOGY,2025-09-26,25.849504426,17.742453636,34.124229446,sf_forecast_exog,3
ONCOLOGY,2025-09-27,5.64022722,0.0,13.618276689,sf_forecast_exog,3
ONCOLOGY,2025-09-28,5.318084151,0.0,13.101538454,sf_forecast_exog,3
ONCOLOGY,2025-09-29,29.298112811,21.457571721,37.428344846,sf_forecast_exog,3
ONCOLOGY,2025-09-30,27.908404866,19.852002705,36.039290477,sf_forecast_exog,3
ONCOLOGY,2025-10-01,28.958912142,20.977187087,37.157615072,sf_forecast_exog,3
ONCOLOGY,2025-10-02,28.306713525,20.333324148,36.19944434,sf_forecast_exog,3
ONCOLOGY,2025-10-03,26.985880607,18.743287836,34.999562394,sf_forecast_exog,3
ONCOLOGY,2025-10-04,5.155990911,0.0,13.20430933,sf_forecast_exog,3
ONCOLOGY,2025-10-05,4.949197471,0.0,12.949485216,sf_forecast_exog,3
ONCOLOGY,2025-10-06,29.723012054,21.985888148,37.666227066,sf_forecast_exog,3
ONCOLOGY,2025-10-07,30.230822681,22.175950002,38.201556213,sf_forecast_exog,3
ONCOLOGY,2025-10-08,27.790709648,19.934598579,36.04337662,sf_forecast_exog,3
EMERGENCY,2025-09-11,133.014798301,114.430074713,151.633964059,sf_forecast_exog,3
EMERGENCY,2025-09-12,138.890112523,119.827639662,157.916130263,sf_forecast_exog,3
EMERGENCY,2025-09-13,127.729562573,108.212417531,147.304936015,sf_forecast_exog,3
EMERGENCY,2025-09-14,122.475083943,102.543708632,142.423587303,sf_forecast_exog,3
EMERGENCY,2025-09-15,136.33978514,115.897815678,156.708174422,sf_forecast_exog,3
EMERGENCY,2025-09-16,126.92166424,106.114311691,147.701271676,sf_forecast_exog,3
EMERGENCY,2025-09-17,131.27638406,110.020860604,152.451580415,sf_forecast_exog,3
EMERGENCY,2025-09-18,135.221340132,113.577106303,156.786601946,sf_forecast_exog,3
EMERGENCY,2025-09-19,142.163467432,120.193267987,164.17273313,sf_forecast_exog,3
EMERGENCY,2025-09-20,129.699984331,107.353943246,152.050076483,sf_forecast_exog,3
EMERGENCY,2025-09-21,138.116636415,115.367949633,160.86420544,sf_forecast_exog,3
EMERGENCY,2025-09-22,143.985011597,120.835036492,167.14616597,sf_forecast_exog,3
EMERGENCY,2025-09-23,132.221953281,108.712953835,155.730879785,sf_forecast_exog,3
EMERGENCY,2025-09-24,124.774895425,100.890020478,148.664041343,sf_forecast_exog,3
EMERGENCY,2025-09-25,132.069757409,107.876532154,156.286986509,sf_forecast_exog,3
EMERGENCY,2025-09-26,138.98602854,114.390088892,163.617282357,sf_forecast_exog,3
EMERGENCY,2025-09-27,137.363890115,112.445257363,162.273519703,sf_forecast_exog,3
EMERGENCY,2025-09-28,134.307171445,109.030562319,159.506950062,sf_forecast_exog,3
EMERGENCY,2025-09-29,149.806325719,124.251529117,175.426560234,sf_forecast_exog,3
EMERGENCY,2025-09-30,146.861724783,120.928969567,172.809248049,sf_forecast_exog,3
EMERGENCY,2025-10-01,142.114911571,115.873240821,168.39465719,sf_forecast_exog,3
EMERGENCY,2025-10-02,138.230129528,111.681288386,164.772032248,sf_forecast_exog,3
EMERGENCY,2025-10-03,154.984992896,128.054798014,181.865290801,sf_forecast_exog,3
EMERGENCY,2025-10-04,131.662343013,104.433653455,158.865048412,sf_forecast_exog,3
EMERGENCY,2025-10-05,141.742283064,114.286204932,169.231923868,sf_forecast_exog,3
EMERGENCY,2025-10-06,150.776079708,123.032062149,178.569967213,sf_forecast_exog,3
EMERGENCY,2025-10-07,154.399067029,126.280772589,182.497385548,sf_forecast_exog,3
EMERGENCY,2025-10-08,146.787718867,118.414811279,175.240600339,sf_forecast_exog,3
PEDIATRICS,2025-09-11,34.93141079,24.327656962,45.689034487,sf_forecast_exog,3
PEDIATRICS,2025-09-12,32.513614035,21.746936549,43.11742948,sf_forecast_exog,3
PEDIATRICS,2025-09-13,31.311558071,20.401866765,42.481398497,sf_forecast_exog,3
PEDIATRICS,2025-09-14,29.630343726,18.701719248,40.635448131,sf_forecast_exog,3
PEDIATRICS,2025-09-15,35.775277141,24.428564203,46.793232541,sf_forecast_exog,3
PEDIATRICS,2025-09-16,37.251599721,26.04808419,48.323793888,sf_forecast_exog,3
PEDIATRICS,2025-09-17,35.495557567,24.013843541,46.62173692,sf_forecast_exog,3
PEDIATRICS,2025-09-18,36.338053813,24.810620327,47.521286697,sf_forecast_exog,3
PEDIATRICS,2025-09-19,35.442122166,24.125502579,46.928505328,sf_forecast_exog,3
PEDIATRICS,2025-09-20,32.803881941,21.421977638,44.202616651,sf_forecast_exog,3
PEDIATRICS,2025-09-21,32.06140099,20.457912079,43.666894001,sf_forecast_exog,3
PEDIATRICS,2025-09-22,39.07861972,27.292257129,50.910820192,sf_forecast_exog,3
PEDIATRICS,2025-09-23,38.73213669,26.884853346,50.579094392,sf_forecast_exog,3
PEDIATRICS,2025-09-24,37.531143012,25.501949697,49.585157383,sf_forecast_exog,3
PEDIATRICS,2025-09-25,37.707767193,25.783709092,49.738855372,sf_forecast_exog,3
PEDIATRICS,2025-09-26,36.935163071,24.677096547,49.354043977,sf_forecast_exog,3
PEDIATRICS,2025-09-27,34.706495201,22.445669247,46.927065307,sf_forecast_exog,3
PEDIATRICS,2025-09-28,33.331942974,20.867703202,45.45290908,sf_forecast_exog,3
PEDIATRICS,2025-09-29,41.01426224,28.744456281,53.565972774,sf_forecast_exog,3
PEDIATRICS,2025-09-30,39.635356638,27.061632549,52.281598065,sf_forecast_exog,3
PEDIATRICS,2025-10-01,37.465165591,24.867415594,50.270053829,sf_forecast_exog,3
PEDIATRICS,2025-10-02,39.506091233,26.827006752,52.10664394,sf_forecast_exog,3
PEDIATRICS,2025-10-03,39.405385145,26.372924759,52.214971858,sf_forecast_exog,3
PEDIATRICS,2025-10-04,36.805592608,23.705855328,49.74145042,sf_forecast_exog,3
PEDIATRICS,2025-10-05,34.706159864,21.873454705,47.689462261,sf_forecast_exog,3
PEDIATRICS,2025-10-06,42.448044962,29.635850907,55.477949338,sf_forecast_exog,3
PEDIATRICS,2025-10-07,41.034978845,27.806018165,54.183991393,sf_forecast_exog,3
PEDIATRICS,2025-10-08,40.252738172,27.107540245,53.770431086,sf_forecast_exog,3
CARDIOLOGY,2025-09-11,45.977199154,32.62476022,61.857056759,sf_forecast_exog,3
CARDIOLOGY,2025-09-12,36.545629311,24.236555366,46.314614554,sf_forecast_exog,3
CARDIOLOGY,2025-09-13,16.451112473,9.52312855,22.193874469,sf_forecast_exog,3
CARDIOLOGY,2025-09-14,15.091262871,9.789647287,19.51173395,sf_forecast_exog,3
CARDIOLOGY,2025-09-15,48.086259097,34.803647861,63.364778073,sf_forecast_exog,3
CARDIOLOGY,2025-09-16,42.247212982,29.380048333,56.876512207,sf_forecast_exog,3
CARDIOLOGY,2025-09-17,42.925425652,29.37745968,54.977781131,sf_forecast_exog,3
CARDIOLOGY,2025-09-18,45.964916552,31.807100741,59.597327182,sf_forecast_exog,3
CARDIOLOGY,2025-09-19,34.720009771,21.909515849,46.990090033,sf_forecast_exog,3
CARDIOLOGY,2025-09-20,17.578380532,11.699629819,23.439277383,sf_forecast_exog,3
CARDIOLOGY,2025-09-21,13.798065449,8.020958064,19.184407512,sf_forecast_exog,3
CARDIOLOGY,2025-09-22,41.136034247,28.21904602,54.118838518,sf_forecast_exog,3
CARDIOLOGY,2025-09-23,46.064579123,29.493296758,59.500371705,sf_forecast_exog,3
CARDIOLOGY,2025-09-24,48.390153297,33.262544221,61.769329799,sf_forecast_exog,3
CARDIOLOGY,2025-09-25,39.62920845,26.125696805,52.002915806,sf_forecast_exog,3
CARDIOLOGY,2025-09-26,44.182528647,30.126621058,57.68581744,sf_forecast_exog,3
CARDIOLOGY,2025-09-27,20.255959325,13.035565274,26.762668018,sf_forecast_exog,3
CARDIOLOGY,2025-09-28,11.491525646,6.840201032,16.261211031,sf_forecast_exog,3
CARDIOLOGY,2025-09-29,46.464394701,27.974511154,63.477638232,sf_forecast_exog,3
CARDIOLOGY,2025-09-30,38.611046333,24.610923209,50.124349525,sf_forecast_exog,3
CARDIOLOGY,2025-10-01,44.141776323,27.827167242,57.458556915,sf_forecast_exog,3
CARDIOLOGY,2025-10-02,44.099032603,29.669770084,59.263328804,sf_forecast_exog,3
CARDIOLOGY,2025-10-03,38.189817816,23.888846463,50.247317441,sf_forecast_exog,3
CARDIOLOGY,2025-10-04,16.096374154,10.183223095,21.804397377,sf_forecast_exog,3
CARDIOLOGY,2025-10-05,14.136077575,8.942021292,19.136417362,sf_forecast_exog,3
CARDIOLOGY,2025-10-06,46.051850213,26.948182632,62.918850848,sf_forecast_exog,3
CARDIOLOGY,2025-10-07,43.319707339,28.705662125,58.05198106,sf_forecast_exog,3
CARDIOLOGY,2025-10-08,41.850766792,25.717193527,56.063025913,sf_forecast_exog,3
ORTHOPEDICS,2025-09-11,39.181687915,27.367873982,53.064292641,sf_forecast_exog,3
ORTHOPEDICS,2025-09-12,38.809205397,26.138047635,48.99708005,sf_forecast_exog,3
ORTHOPEDICS,2025-09-13,16.746389226,9.680019414,22.755708874,sf_forecast_exog,3
ORTHOPEDICS,2025-09-14,13.610044128,7.668763034,18.672133678,sf_forecast_exog,3
ORTHOPEDICS,2025-09-15,42.448103727,30.439783174,56.108030862,sf_forecast_exog,3
ORTHOPEDICS,2025-09-16,42.189490217,29.787601821,56.180297072,sf_forecast_exog,3
ORTHOPEDICS,2025-09-17,42.338166171,28.896471029,54.355262034,sf_forecast_exog,3
ORTHOPEDICS,2025-09-18,38.366451957,26.059580538,50.23288895,sf_forecast_exog,3
ORTHOPEDICS,2025-09-19,38.510742113,25.18580649,51.315054608,sf_forecast_exog,3
ORTHOPEDICS,2025-09-20,15.966499324,9.7637513,22.156324925,sf_forecast_exog,3
ORTHOPEDICS,2025-09-21,13.374214855,7.453558324,18.946236547,sf_forecast_exog,3
ORTHOPEDICS,2025-09-22,43.13634764,30.442180282,55.905035572,sf_forecast_exog,3
ORTHOPEDICS,2025-09-23,41.298528585,26.771548583,53.244339639,sf_forecast_exog,3
ORTHOPEDICS,2025-09-24,41.99796661,28.038909674,54.444159463,sf_forecast_exog,3
ORTHOPEDICS,2025-09-25,38.544934632,25.389008002,50.673049765,sf_forecast_exog,3
ORTHOPEDICS,2025-09-26,38.468966733,25.571736279,50.913215577,sf_forecast_exog,3
ORTHOPEDICS,2025-09-27,15.440581752,8.541813242,21.736269939,sf_forecast_exog,3
ORTHOPEDICS,2025-09-28,13.302419295,7.586309924,19.142210964,sf_forecast_exog,3
ORTHOPEDICS,2025-09-29,43.285317119,27.053885655,58.319171652,sf_forecast_exog,3
ORTHOPEDICS,2025-09-30,41.970084613,27.447886289,54.022509654,sf_forecast_exog,3
ORTHOPEDICS,2025-10-01,43.487534186,27.116864943,56.981284503,sf_forecast_exog,3
ORTHOPEDICS,2025-10-02,39.287141115,26.245317189,52.975478665,sf_forecast_exog,3
ORTHOPEDICS,2025-10-03,38.195646227,24.059041524,50.209791082,sf_forecast_exog,3
ORTHOPEDICS,2025-10-04,16.344288703,9.363986288,23.089386381,sf_forecast_exog,3
ORTHOPEDICS,2025-10-05,13.029419172,6.811122913,19.03938068,sf_forecast_exog,3
ORTHOPEDICS,2025-10-06,42.899858747,25.696216446,58.20947343,sf_forecast_exog,3
ORTHOPEDICS,2025-10-07,42.052183049,28.560436583,55.676861628,sf_forecast_exog,3
ORTHOPEDICS,2025-10-08,42.372568399,26.382080433,56.57471987,sf_forecast_exog,3
ELECTIVE_SURGERY,2025-09-11,41.422367096,29.315346894,53.529384246,sf_forecast_exog,3
ELECTIVE_SURGERY,2025-09-12,32.591571808,20.412737337,44.770406088,sf_forecast_exog,3
ELECTIVE_SURGERY,2025-09-13,0.0,0.0,7.202311323,sf_forecast_exog,3
ELECTIVE_SURGERY,2025-09-14,0.0,0.0,9.04155134,sf_forecast_exog,3
ELECTIVE_SURGERY,2025-09-15,39.230587006,26.839283121,51.62188555,sf_forecast_exog,3
ELECTIVE_SURGERY,2025-09-16,41.102165222,28.641000346,53.56332781,sf_forecast_exog,3
ELECTIVE_SURGERY,2025-09-17,43.100276947,30.569712683,55.630837396,sf_forecast_exog,3
ELECTIVE_SURGERY,2025-09-18,41.760196686,29.160686473,54.359698887,sf_forecast_exog,3
ELECTIVE_SURGERY,2025-09-19,37.007019043,24.339013599,49.675021817,sf_forecast_exog,3
ELECTIVE_SURGERY,2025-09-20,0.0,0.0,12.364656897,sf_forecast_exog,3
ELECTIVE_SURGERY,2025-09-21,0.154828161,0.0,12.958524128,sf_forecast_exog,3
ELECTIVE_SURGERY,2025-09-22,39.739387512,26.868480529,52.61029297,sf_forecast_exog,3
ELECTIVE_SURGERY,2025-09-23,43.846389771,30.908685501,56.784091751,sf_forecast_exog,3
ELECTIVE_SURGERY,2025-09-24,44.731781006,31.727687361,57.735875795,sf_forecast_exog,3
ELECTIVE_SURGERY,2025-09-25,42.144992828,29.074904878,55.21507849,sf_forecast_exog,3
ELECTIVE_SURGERY,2025-09-26,40.896080017,27.760391845,54.031767808,sf_forecast_exog,3
ELECTIVE_SURGERY,2025-09-27,3.969948769,0.0,17.170853282,sf_forecast_exog,3
ELECTIVE_SURGERY,2025-09-28,4.064161777,0.0,17.329905023,sf_forecast_exog,3
ELECTIVE_SURGERY,2025-09-29,45.394031525,32.063822561,58.724244303,sf_forecast_exog,3
ELECTIVE_SURGERY,2025-09-30,41.258331299,27.864013451,54.652639991,sf_forecast_exog,3
ELECTIVE_SURGERY,2025-10-01,34.515960693,21.057901649,47.97401516,sf_forecast_exog,3
ELECTIVE_SURGERY,2025-10-02,36.415035248,22.893586433,49.936481011,sf_forecast_exog,3
ELECTIVE_SURGERY,2025-10-03,37.741607666,24.157116043,51.326097382,sf_forecast_exog,3
ELECTIVE_SURGERY,2025-10-04,1.944752097,0.0,15.591944523,sf_forecast_exog,3
ELECTIVE_SURGERY,2025-10-05,1.822856188,0.0,15.532414433,sf_forecast_exog,3
ELECTIVE_SURGERY,2025-10-06,43.936431885,30.164838895,57.708026019,sf_forecast_exog,3
ELECTIVE_SURGERY,2025-10-07,42.023231506,28.189929958,55.856536487,sf_forecast_exog,3
ELECTIVE_SURGERY,2025-10-08,43.449504852,29.554808662,57.344193794,sf_forecast_exog,3
EMERGENCY,2025-10-09,122.798607406,93.047205721,153.121970411,sf_forecast_exog,4
EMERGENCY,2025-10-10,137.659083647,107.401113031,167.311660343,sf_forecast_exog,4
EMERGENCY,2025-10-11,124.247537517,93.604573618,155.857527385,sf_forecast_exog,4
EMERGENCY,2025-10-12,121.403907315,90.852056789,152.240048647,sf_forecast_exog,4
EMERGENCY,2025-10-13,163.269772094,131.218055693,194.099429112,sf_forecast_exog,4
EMERGENCY,2025-10-14,141.101783825,109.702392098,172.040239508,sf_forecast_exog,4
EMERGENCY,2025-10-15,129.920799169,97.618726927,160.880492852,sf_forecast_exog,4
EMERGENCY,2025-10-16,130.995908634,98.616436837,162.02207126,sf_forecast_exog,4
EMERGENCY,2025-10-17,132.643737952,101.233816044,164.747802424,sf_forecast_exog,4
EMERGENCY,2025-10-18,121.815970661,90.321754351,153.37983618,sf_forecast_exog,4
EMERGENCY,2025-10-19,119.285236964,87.124971196,151.413173169,sf_forecast_exog,4
EMERGENCY,2025-10-20,148.083223838,115.34445355,181.007606652,sf_forecast_exog,4
EMERGENCY,2025-10-21,133.57165251,100.751239209,166.390851221,sf_forecast_exog,4
EMERGENCY,2025-10-22,126.527363416,93.232081755,159.843020454,sf_forecast_exog,4
EMERGENCY,2025-10-23,123.742241124,90.980387876,156.902928129,sf_forecast_exog,4
EMERGENCY,2025-10-24,135.636241724,101.814541895,170.083307803,sf_forecast_exog,4
EMERGENCY,2025-10-25,121.542608707,87.846542315,155.089034786,sf_forecast_exog,4
EMERGENCY,2025-10-26,121.746623133,87.497418345,154.723296305,sf_forecast_exog,4
EMERGENCY,2025-10-27,147.653031512,114.241696239,182.155643383,sf_forecast_exog,4
EMERGENCY,2025-10-28,134.316268609,99.909432366,168.95547671,sf_forecast_exog,4
EMERGENCY,2025-10-29,127.64170382,93.3176284,162.581754637,sf_forecast_exog,4
EMERGENCY,2025-10-30,127.500226327,93.363167968,161.685398116,sf_forecast_exog,4
EMERGENCY,2025-10-31,137.008853241,101.387197009,171.694485102,sf_forecast_exog,4
EMERGENCY,2025-11-01,130.922386118,95.445749639,165.968603849,sf_forecast_exog,4
EMERGENCY,2025-11-02,124.033216574,89.699041293,158.93016792,sf_forecast_exog,4
EMERGENCY,2025-11-03,153.370093711,119.270455262,188.446791637,sf_forecast_exog,4
EMERGENCY,2025-11-04,141.187669893,105.713131674,176.357694696,sf_forecast_exog,4
EMERGENCY,2025-11-05,129.150188785,94.227051434,165.395399916,sf_forecast_exog,4
PEDIATRICS,2025-10-09,42.386244351,33.211062004,51.598620308,sf_forecast_exog,4
PEDIATRICS,2025-10-10,40.808708441,31.299984383,50.278063877,sf_forecast_exog,4
PEDIATRICS,2025-10-11,36.842346453,27.050303906,46.697272601,sf_forecast_exog,4
PEDIATRICS,2025-10-12,33.983345099,23.935104218,44.050072849,sf_forecast_exog,4
PEDIATRICS,2025-10-13,46.107762053,35.644527718,56.491527182,sf_forecast_exog,4
PEDIATRICS,2025-10-14,47.572149684,36.842277244,58.271528294,sf_forecast_exog,4
PEDIATRICS,2025-10-15,42.907400574,31.778232604,53.950627139,sf_forecast_exog,4
PEDIATRICS,2025-10-16,42.578320858,31.282714035,53.790723797,sf_forecast_exog,4
PEDIATRICS,2025-10-17,42.453562743,31.062909711,53.885252988,sf_forecast_exog,4
PEDIATRICS,2025-10-18,37.384929041,25.840546679,48.933551152,sf_forecast_exog,4
PEDIATRICS,2025-10-19,34.866160821,23.084517016,46.647320702,sf_forecast_exog,4
PEDIATRICS,2025-10-20,47.594494177,35.465175598,59.735883296,sf_forecast_exog,4
PEDIATRICS,2025-10-21,47.263152853,34.820882987,59.705345406,sf_forecast_exog,4
PEDIATRICS,2025-10-22,45.374184324,32.537746214,58.216828261,sf_forecast_exog,4
PEDIATRICS,2025-10-23,46.831142812,33.910016753,59.77817074,sf_forecast_exog,4
PEDIATRICS,2025-10-24,43.916061999,30.808706533,57.061190078,sf_forecast_exog,4
PEDIATRICS,2025-10-25,39.783671127,26.573893673,52.983716883,sf_forecast_exog,4
PEDIATRICS,2025-10-26,34.495080171,21.069502362,47.837681165,sf_forecast_exog,4
PEDIATRICS,2025-10-27,48.526059453,34.822900528,62.297566201,sf_forecast_exog,4
PEDIATRICS,2025-10-28,50.270366467,36.176858143,64.381402867,sf_forecast_exog,4
PEDIATRICS,2025-10-29,47.01690954,32.536674844,61.546377157,sf_forecast_exog,4
PEDIATRICS,2025-10-30,49.523150517,34.936900557,64.091835568,sf_forecast_exog,4
PEDIATRICS,2025-10-31,47.942684405,33.186996905,62.64449758,sf_forecast_exog,4
PEDIATRICS,2025-11-01,43.028545641,28.175634004,57.847244459,sf_forecast_exog,4
PEDIATRICS,2025-11-02,38.061659952,23.113029439,53.045992301,sf_forecast_exog,4
PEDIATRICS,2025-11-03,52.302042611,37.015285469,67.640074363,sf_forecast_exog,4
PEDIATRICS,2025-11-04,49.864871252,34.149938394,65.564136372,sf_forecast_exog,4
PEDIATRICS,2025-11-05,51.008170926,34.905342046,67.199918387,sf_forecast_exog,4
ELECTIVE_SURGERY,2025-10-09,43.352175619,32.410735022,54.55168999,sf_forecast_exog,4
ELECTIVE_SURGERY,2025-10-10,25.062525932,14.013082033,35.838810465,sf_forecast_exog,4
ELECTIVE_SURGERY,2025-10-11,2.442515259,0.0,14.004349509,sf_forecast_exog,4
ELECTIVE_SURGERY,2025-10-12,1.878345691,0.0,13.000159117,sf_forecast_exog,4
ELECTIVE_SURGERY,2025-10-13,16.518255084,4.988928476,27.496176159,sf_forecast_exog,4
ELECTIVE_SURGERY,2025-10-14,32.1653237,21.03801088,43.066814932,sf_forecast_exog,4
ELECTIVE_SURGERY,2025-10-15,35.662157695,24.237536306,46.490461429,sf_forecast_exog,4
ELECTIVE_SURGERY,2025-10-16,31.612739441,20.272281578,42.375888826,sf_forecast_exog,4
ELECTIVE_SURGERY,2025-10-17,32.327551249,21.501546585,43.438288236,sf_forecast_exog,4
ELECTIVE_SURGERY,2025-10-18,5.854451572,0.0,16.656289456,sf_forecast_exog,4
ELECTIVE_SURGERY,2025-10-19,5.444340058,0.0,16.431331143,sf_forecast_exog,4
ELECTIVE_SURGERY,2025-10-20,41.632878264,30.510197058,52.832437877,sf_forecast_exog,4
ELECTIVE_SURGERY,2025-10-21,40.769619893,29.712524151,51.826168343,sf_forecast_exog,4
ELECTIVE_SURGERY,2025-10-22,43.068754141,31.876235859,54.302532306,sf_forecast_exog,4
ELECTIVE_SURGERY,2025-10-23,40.342557033,29.490201499,51.374269105,sf_forecast_exog,4
ELECTIVE_SURGERY,2025-10-24,30.814040538,19.565633501,42.336257138,sf_forecast_exog,4
ELECTIVE_SURGERY,2025-10-25,5.250936185,0.0,16.271537973,sf_forecast_exog,4
ELECTIVE_SURGERY,2025-10-26,5.145054385,0.0,15.830775107,sf_forecast_exog,4
ELECTIVE_SURGERY,2025-10-27,39.954338888,29.192466989,51.189233785,sf_forecast_exog,4
ELECTIVE_SURGERY,2025-10-28,39.188480971,28.091141382,50.407448715,sf_forecast_exog,4
ELECTIVE_SURGERY,2025-10-29,41.629658385,30.67034543,52.9423764,sf_forecast_exog,4
ELECTIVE_SURGERY,2025-10-30,41.732190925,30.804368576,52.528296781,sf_forecast_exog,4
ELECTIVE_SURGERY,2025-10-31,32.644538202,21.294032169,43.621232265,sf_forecast_exog,4
ELECTIVE_SURGERY,2025-11-01,5.427735577,0.0,16.444307611,sf_forecast_exog,4
ELECTIVE_SURGERY,2025-11-02,4.973934848,0.0,15.894480897,sf_forecast_exog,4
ELECTIVE_SURGERY,2025-11-03,41.171857272,30.684863806,51.982924287,sf_forecast_exog,4
ELECTIVE_SURGERY,2025-11-04,40.369620945,29.392996866,51.208845069,sf_forecast_exog,4
ELECTIVE_SURGERY,2025-11-05,43.291638456,32.649500378,54.573995516,sf_forecast_exog,4
CARDIOLOGY,2025-10-09,55.290360044,42.710801613,69.033853516,sf_forecast_exog,4
CARDIOLOGY,2025-10-10,47.013031632,34.671063807,58.145612214,sf_forecast_exog,4
CARDIOLOGY,2025-10-11,15.297084965,5.846189172,24.601978755,sf_forecast_exog,4
CARDIOLOGY,2025-10-12,15.165789575,5.936955202,24.110979157,sf_forecast_exog,4
CARDIOLOGY,2025-10-13,45.542458275,33.646173277,57.830251724,sf_forecast_exog,4
CARDIOLOGY,2025-10-14,49.052667882,36.668759714,62.040408809,sf_forecast_exog,4
CARDIOLOGY,2025-10-15,50.316842973,37.73000416,62.036758021,sf_forecast_exog,4
CARDIOLOGY,2025-10-16,45.687279528,33.665211931,57.257632935,sf_forecast_exog,4
CARDIOLOGY,2025-10-17,51.401729163,38.549371965,64.145662658,sf_forecast_exog,4
CARDIOLOGY,2025-10-18,20.514787393,11.137965098,29.898707004,sf_forecast_exog,4
CARDIOLOGY,2025-10-19,18.045194565,8.729130267,27.218656686,sf_forecast_exog,4
CARDIOLOGY,2025-10-20,52.457063176,40.289872537,64.689559656,sf_forecast_exog,4
CARDIOLOGY,2025-10-21,48.733023079,36.012515626,60.424191823,sf_forecast_exog,4
CARDIOLOGY,2025-10-22,50.370379535,37.647343004,62.487798156,sf_forecast_exog,4
CARDIOLOGY,2025-10-23,48.162552816,35.559558203,60.389838942,sf_forecast_exog,4
CARDIOLOGY,2025-10-24,45.193086485,33.152271542,57.186409212,sf_forecast_exog,4
CARDIOLOGY,2025-10-25,20.883689288,10.893091416,30.563150188,sf_forecast_exog,4
CARDIOLOGY,2025-10-26,16.730065228,7.469153268,25.764640313,sf_forecast_exog,4
CARDIOLOGY,2025-10-27,54.322255735,40.336748806,67.989180443,sf_forecast_exog,4
CARDIOLOGY,2025-10-28,52.44853754,38.8308929,64.963070882,sf_forecast_exog,4
CARDIOLOGY,2025-10-29,50.721818553,37.284794283,63.173332778,sf_forecast_exog,4
CARDIOLOGY,2025-10-30,52.297975891,39.626932155,65.19514076,sf_forecast_exog,4
CARDIOLOGY,2025-10-31,51.462832837,38.216578726,63.591107086,sf_forecast_exog,4
CARDIOLOGY,2025-11-01,18.192545157,8.538612215,27.630191031,sf_forecast_exog,4
CARDIOLOGY,2025-11-02,18.147139425,8.770273975,27.54992392,sf_forecast_exog,4
CARDIOLOGY,2025-11-03,54.567147816,40.860737234,67.646394641,sf_forecast_exog,4
CARDIOLOGY,2025-11-04,50.835232989,38.947033344,62.701789067,sf_forecast_exog,4
CARDIOLOGY,2025-11-05,52.230292436,39.43522567,64.651068738,sf_forecast_exog,4
ORTHOPEDICS,2025-10-09,36.489676296,26.073069411,48.278366548,sf_forecast_exog,4
ORTHOPEDICS,2025-10-10,33.568998327,22.608754672,42.916124523,sf_forecast_exog,4
ORTHOPEDICS,2025-10-11,14.475968087,6.65786432,22.031126103,sf_forecast_exog,4
ORTHOPEDICS,2025-10-12,12.667616276,5.549106015,19.382583261,sf_forecast_exog,4
ORTHOPEDICS,2025-10-13,38.099193147,27.111138602,49.611778369,sf_forecast_exog,4
ORTHOPEDICS,2025-10-14,39.240614882,28.325184615,50.888794053,sf_forecast_exog,4
ORTHOPEDICS,2025-10-15,37.007628105,25.345635837,47.41386803,sf_forecast_exog,4
ORTHOPEDICS,2025-10-16,34.441630083,23.404215357,44.789794318,sf_forecast_exog,4
ORTHOPEDICS,2025-10-17,36.130045454,24.957088511,47.222560587,sf_forecast_exog,4
ORTHOPEDICS,2025-10-18,14.670975753,7.586769669,21.768123611,sf_forecast_exog,4
ORTHOPEDICS,2025-10-19,14.14418223,7.050734219,21.044536983,sf_forecast_exog,4
ORTHOPEDICS,2025-10-20,43.02416298,31.933986681,54.213811322,sf_forecast_exog,4
ORTHOPEDICS,2025-10-21,39.765277642,27.703481421,50.355668297,sf_forecast_exog,4
ORTHOPEDICS,2025-10-22,37.250980235,25.459986601,48.216654258,sf_forecast_exog,4
ORTHOPEDICS,2025-10-23,38.584173037,27.42566908,49.288552021,sf_forecast_exog,4
ORTHOPEDICS,2025-10-24,35.729626922,24.495301965,46.913370886,sf_forecast_exog,4
ORTHOPEDICS,2025-10-25,15.451361972,7.713391631,22.791916446,sf_forecast_exog,4
ORTHOPEDICS,2025-10-26,13.100488363,5.884377147,19.951476321,sf_forecast_exog,4
ORTHOPEDICS,2025-10-27,40.511408427,27.684794972,53.010126104,sf_forecast_exog,4
ORTHOPEDICS,2025-10-28,40.256690994,28.177544102,51.022196027,sf_forecast_exog,4
ORTHOPEDICS,2025-10-29,39.220336778,26.296644329,50.795552326,sf_forecast_exog,4
ORTHOPEDICS,2025-10-30,36.088193561,24.992012391,47.44863012,sf_forecast_exog,4
ORTHOPEDICS,2025-10-31,35.347940316,23.295844184,45.908783757,sf_forecast_exog,4
ORTHOPEDICS,2025-11-01,13.442164741,5.557580108,20.985540418,sf_forecast_exog,4
ORTHOPEDICS,2025-11-02,11.555712114,4.502743747,18.678186879,sf_forecast_exog,4
ORTHOPEDICS,2025-11-03,40.303982697,27.172488323,52.610475823,sf_forecast_exog,4
ORTHOPEDICS,2025-11-04,37.802886735,26.413489988,49.159125711,sf_forecast_exog,4
ORTHOPEDICS,2025-11-05,36.215415263,23.745856709,48.167232175,sf_forecast_exog,4
ONCOLOGY,2025-10-09,25.450109161,17.520077165,33.966919046,sf_forecast_exog,4
ONCOLOGY,2025-10-10,20.589095404,12.39470769,28.120964905,sf_forecast_exog,4
ONCOLOGY,2025-10-11,1.974839955,0.0,10.654162816,sf_forecast_exog,4
ONCOLOGY,2025-10-12,1.28763906,0.0,9.313820251,sf_forecast_exog,4
ONCOLOGY,2025-10-13,13.468898989,4.887900443,21.535257661,sf_forecast_exog,4
ONCOLOGY,2025-10-14,24.968331703,16.815822543,33.013738951,sf_forecast_exog,4
ONCOLOGY,2025-10-15,23.647474459,15.025539226,31.349023235,sf_forecast_exog,4
ONCOLOGY,2025-10-16,22.618930641,14.112664092,30.336128686,sf_forecast_exog,4
ONCOLOGY,2025-10-17,23.315351779,15.32011052,31.605876481,sf_forecast_exog,4
ONCOLOGY,2025-10-18,4.708287175,0.0,12.488818835,sf_forecast_exog,4
ONCOLOGY,2025-10-19,4.042856102,0.0,12.085095588,sf_forecast_exog,4
ONCOLOGY,2025-10-20,29.163162335,21.018779557,37.41342263,sf_forecast_exog,4
ONCOLOGY,2025-10-21,28.276284405,19.973607867,36.278725021,sf_forecast_exog,4
ONCOLOGY,2025-10-22,27.017782373,18.630199771,35.284839112,sf_forecast_exog,4
ONCOLOGY,2025-10-23,26.018780952,18.02579964,34.109893519,sf_forecast_exog,4
ONCOLOGY,2025-10-24,23.990843775,15.517882235,32.753912022,sf_forecast_exog,4
ONCOLOGY,2025-10-25,5.408327821,0.0,13.50564182,sf_forecast_exog,4
ONCOLOGY,2025-10-26,4.775527018,0.0,12.552385735,sf_forecast_exog,4
ONCOLOGY,2025-10-27,29.954634955,21.872185823,38.502833796,sf_forecast_exog,4
ONCOLOGY,2025-10-28,29.083852995,20.733670881,37.302209125,sf_forecast_exog,4
ONCOLOGY,2025-10-29,27.763534528,19.409933704,36.240718245,sf_forecast_exog,4
ONCOLOGY,2025-10-30,26.753333819,18.691586381,34.727337228,sf_forecast_exog,4
ONCOLOGY,2025-10-31,24.727885161,15.959993586,32.749588192,sf_forecast_exog,4
ONCOLOGY,2025-11-01,6.494896344,0.0,14.696977915,sf_forecast_exog,4
ONCOLOGY,2025-11-02,5.829409963,0.0,13.96152676,sf_forecast_exog,4
ONCOLOGY,2025-11-03,30.979824577,23.159232751,39.013679503,sf_forecast_exog,4
ONCOLOGY,2025-11-04,30.108665419,22.034576268,38.022944626,sf_forecast_exog,4
ONCOLOGY,2025-11-05,28.678021759,20.778115206,37.197695726,sf_forecast_exog,4
ONCOLOGY,2025-11-06,26.879453841,18.580453097,35.861984312,sf_forecast_exog,5
ONCOLOGY,2025-11-07,24.708337927,16.09186537,32.537861838,sf_forecast_exog,5
ONCOLOGY,2025-11-08,3.674375963,0.0,12.608854348,sf_forecast_exog,5
ONCOLOGY,2025-11-09,2.73887169,0.0,11.042607671,sf_forecast_exog,5
ONCOLOGY,2025-11-10,27.848363236,19.032248202,36.336268108,sf_forecast_exog,5
ONCOLOGY,2025-11-11,14.904539117,6.409744003,23.426643298,sf_forecast_exog,5
ONCOLOGY,2025-11-12,25.347288306,16.376007322,33.406268823,sf_forecast_exog,5
ONCOLOGY,2025-11-13,23.675493949,14.808534668,31.815344414,sf_forecast_exog,5
ONCOLOGY,2025-11-14,21.773098952,13.257299789,30.503904886,sf_forecast_exog,5
ONCOLOGY,2025-11-15,5.546654745,0.0,13.756593308,sf_forecast_exog,5
ONCOLOGY,2025-11-16,4.716137076,0.0,13.174838677,sf_forecast_exog,5
ONCOLOGY,2025-11-17,29.853789214,21.349438578,38.456235296,sf_forecast_exog,5
ONCOLOGY,2025-11-18,28.844146205,20.040213838,37.188968812,sf_forecast_exog,5
ONCOLOGY,2025-11-19,27.869498414,19.045805342,36.474231633,sf_forecast_exog,5
ONCOLOGY,2025-11-20,26.003825962,17.498231488,34.510149337,sf_forecast_exog,5
ONCOLOGY,2025-11-21,23.950082721,15.037121944,33.078979571,sf_forecast_exog,5
ONCOLOGY,2025-11-22,4.638172076,0.0,13.168227608,sf_forecast_exog,5
ONCOLOGY,2025-11-23,3.904147004,0.0,12.225122714,sf_forecast_exog,5
ONCOLOGY,2025-11-24,26.425313998,17.697343987,35.471886282,sf_forecast_exog,5
ONCOLOGY,2025-11-25,25.315815151,16.455139413,33.873751499,sf_forecast_exog,5
ONCOLOGY,2025-11-26,23.642824932,14.658788912,32.521459667,sf_forecast_exog,5
ONCOLOGY,2025-11-27,10.847689271,2.282641736,19.38901157,sf_forecast_exog,5
ONCOLOGY,2025-11-28,19.373101871,10.076525498,27.838925754,sf_forecast_exog,5
ONCOLOGY,2025-11-29,1.065005186,0.0,9.776372217,sf_forecast_exog,5
ONCOLOGY,2025-11-30,0.1830205663,0.0,8.869046706,sf_forecast_exog,5
ONCOLOGY,2025-12-01,28.037675082,19.455196661,36.667198347,sf_forecast_exog,5
ONCOLOGY,2025-12-02,27.492775228,18.93738223,35.917289076,sf_forecast_exog,5
ONCOLOGY,2025-12-03,25.955861477,17.380719861,34.940066265,sf_forecast_exog,5
CARDIOLOGY,2025-11-06,54.552204297,47.687224943,61.452553131,sf_forecast_exog,5
CARDIOLOGY,2025-11-07,54.163759278,46.936848246,61.351435077,sf_forecast_exog,5
CARDIOLOGY,2025-11-08,17.329486504,9.85692843,24.78629845,sf_forecast_exog,5
CARDIOLOGY,2025-11-09,14.85219097,7.073511704,22.618080319,sf_forecast_exog,5
CARDIOLOGY,2025-11-10,47.045456489,38.857637511,55.259715793,sf_forecast_exog,5
CARDIOLOGY,2025-11-11,48.83637738,40.346686391,57.351279118,sf_forecast_exog,5
CARDIOLOGY,2025-11-12,50.732696584,41.943732934,59.499660193,sf_forecast_exog,5
CARDIOLOGY,2025-11-13,50.718892823,41.657291738,59.77323767,sf_forecast_exog,5
CARDIOLOGY,2025-11-14,43.905991899,34.576876461,53.226624933,sf_forecast_exog,5
CARDIOLOGY,2025-11-15,17.992407152,8.524072505,27.460518302,sf_forecast_exog,5
CARDIOLOGY,2025-11-16,17.808857488,8.096510947,27.516160829,sf_forecast_exog,5
CARDIOLOGY,2025-11-17,52.837043122,42.769373322,62.905779324,sf_forecast_exog,5
CARDIOLOGY,2025-11-18,52.680010061,42.347986354,62.971296636,sf_forecast_exog,5
CARDIOLOGY,2025-11-19,57.260514377,46.707621452,67.78955002,sf_forecast_exog,5
CARDIOLOGY,2025-11-20,56.289206388,45.506155091,67.054281534,sf_forecast_exog,5
CARDIOLOGY,2025-11-21,55.235234181,44.252262003,66.210769702,sf_forecast_exog,5
CARDIOLOGY,2025-11-22,17.095172101,5.996360412,28.185052136,sf_forecast_exog,5
CARDIOLOGY,2025-11-23,10.193827315,0.0,21.487282897,sf_forecast_exog,5
CARDIOLOGY,2025-11-24,50.509741447,38.840411995,62.159701005,sf_forecast_exog,5
CARDIOLOGY,2025-11-25,55.314798059,43.470783832,67.119782951,sf_forecast_exog,5
CARDIOLOGY,2025-11-26,54.039546781,41.96896735,66.06493638,sf_forecast_exog,5
CARDIOLOGY,2025-11-27,52.603334882,40.372116676,64.845568948,sf_forecast_exog,5
CARDIOLOGY,2025-11-28,51.516118166,39.088228664,63.910311589,sf_forecast_exog,5
CARDIOLOGY,2025-11-29,17.690496191,5.193739476,30.183935965,sf_forecast_exog,5
CARDIOLOGY,2025-11-30,14.08688517,1.414428328,26.756122939,sf_forecast_exog,5
CARDIOLOGY,2025-12-01,53.346477641,40.312290887,66.350426974,sf_forecast_exog,5
CARDIOLOGY,2025-12-02,55.601456469,42.445898936,68.758942061,sf_forecast_exog,5
CARDIOLOGY,2025-12-03,53.997736224,40.625858424,67.341109862,sf_forecast_exog,5
EMERGENCY,2025-11-06,138.235355432,112.426489129,164.728294632,sf_forecast_exog,5
EMERGENCY,2025-11-07,162.034336111,135.599813989,187.747263804,sf_forecast_exog,5
EMERGENCY,2025-11-08,161.526282071,134.466104194,189.306950339,sf_forecast_exog,5
EMERGENCY,2025-11-09,161.576083632,134.560023008,188.705598354,sf_forecast_exog,5
EMERGENCY,2025-11-10,179.676700611,151.350786978,206.956243829,sf_forecast_exog,5
EMERGENCY,2025-11-11,203.020676213,175.136844195,230.515604369,sf_forecast_exog,5
EMERGENCY,2025-11-12,171.604861502,142.676631504,199.129582929,sf_forecast_exog,5
EMERGENCY,2025-11-13,166.939491942,137.927598308,194.698420367,sf_forecast_exog,5
EMERGENCY,2025-11-14,170.369931698,142.108154553,199.23563837,sf_forecast_exog,5
EMERGENCY,2025-11-15,164.597866537,136.227940175,193.077967058,sf_forecast_exog,5
EMERGENCY,2025-11-16,160.967451151,131.734456752,190.041440766,sf_forecast_exog,5
EMERGENCY,2025-11-17,171.148931616,141.491099538,200.949493232,sf_forecast_exog,5
EMERGENCY,2025-11-18,164.114035139,134.193624604,193.876665325,sf_forecast_exog,5
EMERGENCY,2025-11-19,156.531069418,126.081221903,186.873384012,sf_forecast_exog,5
EMERGENCY,2025-11-20,159.504987599,129.51435611,189.784190486,sf_forecast_exog,5
EMERGENCY,2025-11-21,165.445359588,134.338264078,197.001568195,sf_forecast_exog,5
EMERGENCY,2025-11-22,156.527668024,125.4155052,187.341062934,sf_forecast_exog,5
EMERGENCY,2025-11-23,153.743713102,122.111623091,184.233729858,sf_forecast_exog,5
EMERGENCY,2025-11-24,174.951956679,143.972540425,206.816606677,sf_forecast_exog,5
EMERGENCY,2025-11-25,173.743865772,141.909983252,205.603475607,sf_forecast_exog,5
EMERGENCY,2025-11-26,162.79384702,130.779617677,195.209116832,sf_forecast_exog,5
EMERGENCY,2025-11-27,179.840080082,147.969440316,211.63799124,sf_forecast_exog,5
EMERGENCY,2025-11-28,165.932224308,132.658236395,198.193011073,sf_forecast_exog,5
EMERGENCY,2025-11-29,162.687951038,129.507370838,195.49336068,sf_forecast_exog,5
EMERGENCY,2025-11-30,149.352809486,117.139002576,182.034238674,sf_forecast_exog,5
EMERGENCY,2025-12-01,183.971193777,151.815136738,216.843248579,sf_forecast_exog,5
EMERGENCY,2025-12-02,160.465759502,127.235260651,193.343444479,sf_forecast_exog,5
EMERGENCY,2025-12-03,156.700473713,123.783916913,190.736006513,sf_forecast_exog,5
ORTHOPEDICS,2025-11-06,31.207901872,21.02971036,41.818521484,sf_forecast_exog,5
ORTHOPEDICS,2025-11-07,29.837643861,19.478481447,39.73909998,sf_forecast_exog,5
ORTHOPEDICS,2025-11-08,7.958862293,0.0,19.176583691,sf_forecast_exog,5
ORTHOPEDICS,2025-11-09,5.786813785,0.0,16.267237658,sf_forecast_exog,5
ORTHOPEDICS,2025-11-10,30.996884043,19.833632005,41.236202047,sf_forecast_exog,5
ORTHOPEDICS,2025-11-11,25.729911012,15.234294796,35.841162789,sf_forecast_exog,5
ORTHOPEDICS,2025-11-12,30.01098945,19.023180381,39.999608342,sf_forecast_exog,5
ORTHOPEDICS,2025-11-13,27.203163124,16.356379894,37.082611297,sf_forecast_exog,5
ORTHOPEDICS,2025-11-14,25.749157409,15.764454571,36.211021421,sf_forecast_exog,5
ORTHOPEDICS,2025-11-15,9.899116512,0.0007045666201,19.843099815,sf_forecast_exog,5
ORTHOPEDICS,2025-11-16,7.607763381,0.0,17.862376357,sf_forecast_exog,5
ORTHOPEDICS,2025-11-17,32.535598745,22.05372148,43.146294605,sf_forecast_exog,5
ORTHOPEDICS,2025-11-18,30.886308635,20.514324648,41.257373922,sf_forecast_exog,5
ORTHOPEDICS,2025-11-19,30.068765605,19.46974287,40.736796667,sf_forecast_exog,5
ORTHOPEDICS,2025-11-20,28.167570479,18.138649048,38.496966827,sf_forecast_exog,5
ORTHOPEDICS,2025-11-21,26.831830759,16.139286089,37.98316805,sf_forecast_exog,5
ORTHOPEDICS,2025-11-22,8.454171095,0.0,18.765004882,sf_forecast_exog,5
ORTHOPEDICS,2025-11-23,6.639015563,0.0,16.38872375,sf_forecast_exog,5
ORTHOPEDICS,2025-11-24,28.251007562,18.373700326,38.920979219,sf_forecast_exog,5
ORTHOPEDICS,2025-11-25,26.252791209,15.813375881,36.896006875,sf_forecast_exog,5
ORTHOPEDICS,2025-11-26,26.595416858,16.388819336,37.395719612,sf_forecast_exog,5
ORTHOPEDICS,2025-11-27,21.374334335,11.218960525,31.309002919,sf_forecast_exog,5
ORTHOPEDICS,2025-11-28,24.985488259,14.121867304,35.222750178,sf_forecast_exog,5
ORTHOPEDICS,2025-11-29,6.504806268,0.0,16.808546609,sf_forecast_exog,5
ORTHOPEDICS,2025-11-30,4.239533616,0.0,14.383614908,sf_forecast_exog,5
ORTHOPEDICS,2025-12-01,32.395766851,22.999971521,42.355505442,sf_forecast_exog,5
ORTHOPEDICS,2025-12-02,31.041446909,20.804301323,41.048364576,sf_forecast_exog,5
ORTHOPEDICS,2025-12-03,30.446531156,20.781305468,41.196830567,sf_forecast_exog,5
ELECTIVE_SURGERY,2025-11-06,44.007561379,34.211747791,54.013803094,sf_forecast_exog,5
ELECTIVE_SURGERY,2025-11-07,33.939001836,24.054522919,43.600751676,sf_forecast_exog,5
ELECTIVE_SURGERY,2025-11-08,2.216042858,0.0,12.518914516,sf_forecast_exog,5
ELECTIVE_SURGERY,2025-11-09,2.725156401,0.0,12.669843678,sf_forecast_exog,5
ELECTIVE_SURGERY,2025-11-10,33.563286024,23.285722561,43.391245348,sf_forecast_exog,5
ELECTIVE_SURGERY,2025-11-11,17.852584861,7.902671942,27.618822079,sf_forecast_exog,5
ELECTIVE_SURGERY,2025-11-12,37.860909735,27.667524751,47.568067467,sf_forecast_exog,5
ELECTIVE_SURGERY,2025-11-13,33.234182731,23.108828004,42.888812015,sf_forecast_exog,5
ELECTIVE_SURGERY,2025-11-14,26.762388358,17.055913125,36.701028629,sf_forecast_exog,5
ELECTIVE_SURGERY,2025-11-15,6.512266857,0.0,16.199646536,sf_forecast_exog,5
ELECTIVE_SURGERY,2025-11-16,6.060388738,0.0,15.899311658,sf_forecast_exog,5
ELECTIVE_SURGERY,2025-11-17,43.710475438,33.760317373,53.72332132,sf_forecast_exog,5
ELECTIVE_SURGERY,2025-11-18,42.3539429,32.456669455,52.250771351,sf_forecast_exog,5
ELECTIVE_SURGERY,2025-11-19,50.081908962,40.073630728,60.123837886,sf_forecast_exog,5
ELECTIVE_SURGERY,2025-11-20,40.765987688,31.034473768,50.643748011,sf_forecast_exog,5
ELECTIVE_SURGERY,2025-11-21,32.876322124,22.821286829,43.154616004,sf_forecast_exog,5
ELECTIVE_SURGERY,2025-11-22,6.444165556,0.0,16.314041402,sf_forecast_exog,5
ELECTIVE_SURGERY,2025-11-23,5.480556386,0.0,15.077964487,sf_forecast_exog,5
ELECTIVE_SURGERY,2025-11-24,38.695565534,29.035478582,48.741341786,sf_forecast_exog,5
ELECTIVE_SURGERY,2025-11-25,36.133721985,26.199516709,46.167101808,sf_forecast_exog,5
ELECTIVE_SURGERY,2025-11-26,39.406284548,29.583956386,49.516690089,sf_forecast_exog,5
ELECTIVE_SURGERY,2025-11-27,15.427382086,5.630227618,25.117137027,sf_forecast_exog,5
ELECTIVE_SURGERY,2025-11-28,23.632023372,13.489638345,33.469609771,sf_forecast_exog,5
ELECTIVE_SURGERY,2025-11-29,1.677409704,0.0,11.548112134,sf_forecast_exog,5
ELECTIVE_SURGERY,2025-11-30,0.359284725,0.0,10.152206092,sf_forecast_exog,5
ELECTIVE_SURGERY,2025-12-01,34.806333355,25.366128512,44.510615967,sf_forecast_exog,5
ELECTIVE_SURGERY,2025-12-02,37.509757386,27.669902501,47.237577987,sf_forecast_exog,5
ELECTIVE_SURGERY,2025-12-03,40.785475233,31.216147547,50.875028255,sf_forecast_exog,5
PEDIATRICS,2025-11-06,55.882704454,41.197187623,71.396242534,sf_forecast_exog,5
PEDIATRICS,2025-11-07,55.866527521,40.800407068,70.079903404,sf_forecast_exog,5
PEDIATRICS,2025-11-08,48.376202816,32.728196183,64.13332785,sf_forecast_exog,5
PEDIATRICS,2025-11-09,42.957311298,27.574227612,58.059606058,sf_forecast_exog,5
PEDIATRICS,2025-11-10,57.508046823,41.674924417,72.809000199,sf_forecast_exog,5
PEDIATRICS,2025-11-11,56.479317028,40.902352799,71.87709347,sf_forecast_exog,5
PEDIATRICS,2025-11-12,54.99178052,38.888770207,69.862520871,sf_forecast_exog,5
PEDIATRICS,2025-11-13,56.698778468,40.53489347,71.957026307,sf_forecast_exog,5
PEDIATRICS,2025-11-14,55.318243642,39.979288496,71.047839371,sf_forecast_exog,5
PEDIATRICS,2025-11-15,51.117431111,35.910195742,66.499435399,sf_forecast_exog,5
PEDIATRICS,2025-11-16,46.537400562,30.179576635,62.462690126,sf_forecast_exog,5
PEDIATRICS,2025-11-17,59.972675863,43.893138628,76.061259602,sf_forecast_exog,5
PEDIATRICS,2025-11-18,59.571689767,43.254499869,75.439824651,sf_forecast_exog,5
PEDIATRICS,2025-11-19,57.828837683,41.230483748,74.094352613,sf_forecast_exog,5
PEDIATRICS,2025-11-20,58.692163909,42.654813581,74.803108181,sf_forecast_exog,5
PEDIATRICS,2025-11-21,60.266783883,43.327682002,77.242568999,sf_forecast_exog,5
PEDIATRICS,2025-11-22,53.133334942,36.111384683,69.626772631,sf_forecast_exog,5
PEDIATRICS,2025-11-23,44.726819766,27.932454595,60.880196045,sf_forecast_exog,5
PEDIATRICS,2025-11-24,61.772516127,44.704277338,79.128017748,sf_forecast_exog,5
PEDIATRICS,2025-11-25,61.022501163,44.00567805,77.6113072,sf_forecast_exog,5
PEDIATRICS,2025-11-26,59.948076181,42.768436908,77.191346187,sf_forecast_exog,5
PEDIATRICS,2025-11-27,59.556114806,42.556584233,76.148645784,sf_forecast_exog,5
PEDIATRICS,2025-11-28,60.415893805,42.568145591,77.188504005,sf_forecast_exog,5
PEDIATRICS,2025-11-29,54.783995463,37.030419452,72.120652672,sf_forecast_exog,5
PEDIATRICS,2025-11-30,46.370845205,29.368840733,63.677345652,sf_forecast_exog,5
PEDIATRICS,2025-12-01,66.577170195,49.602604219,83.854089579,sf_forecast_exog,5
PEDIATRICS,2025-12-02,64.266877617,47.118426665,81.087677659,sf_forecast_exog,5
PEDIATRICS,2025-12-03,61.154822476,44.012802575,78.975146215,sf_forecast_exog,5
PEDIATRICS,2025-12-04,63.260251131,47.25829101,80.406666731,sf_forecast_exog,6
PEDIATRICS,2025-12-05,62.861051804,46.385849466,78.137281416,sf_forecast_exog,6
PEDIATRICS,2025-12-06,57.322875533,40.220951189,74.841261536,sf_forecast_exog,6
PEDIATRICS,2025-12-07,51.595270286,35.239589033,67.759225239,sf_forecast_exog,6
PEDIATRICS,2025-12-08,68.331177129,50.980211385,84.658770812,sf_forecast_exog,6
PEDIATRICS,2025-12-09,66.648322657,49.935127149,83.022989408,sf_forecast_exog,6
PEDIATRICS,2025-12-10,63.920055039,46.228782981,79.71056099,sf_forecast_exog,6
PEDIATRICS,2025-12-11,65.134350298,47.785475235,81.024492733,sf_forecast_exog,6
PEDIATRICS,2025-12-12,64.207712276,48.224226793,80.833653837,sf_forecast_exog,6
PEDIATRICS,2025-12-13,59.46824445,43.716813294,75.43143968,sf_forecast_exog,6
PEDIATRICS,2025-12-14,53.342954905,36.77961388,69.515886419,sf_forecast_exog,6
PEDIATRICS,2025-12-15,70.575541141,53.760256971,87.445771435,sf_forecast_exog,6
PEDIATRICS,2025-12-16,69.461606673,52.303315738,86.055086138,sf_forecast_exog,6
PEDIATRICS,2025-12-17,66.477450868,49.156348046,83.43703185,sf_forecast_exog,6
PEDIATRICS,2025-12-18,68.037738335,51.636761,84.635334598,sf_forecast_exog,6
PEDIATRICS,2025-12-19,67.8164562,50.353588774,85.575761829,sf_forecast_exog,6
PEDIATRICS,2025-12-20,62.556984567,45.368195682,79.098477652,sf_forecast_exog,6
PEDIATRICS,2025-12-21,57.695733323,40.374450532,73.853060612,sf_forecast_exog,6
PEDIATRICS,2025-12-22,68.734386699,51.616816458,86.513716139,sf_forecast_exog,6
PEDIATRICS,2025-12-23,66.803641353,49.514211235,83.697029857,sf_forecast_exog,6
PEDIATRICS,2025-12-24,65.246024203,47.725594761,83.037350262,sf_forecast_exog,6
PEDIATRICS,2025-12-25,63.863407041,47.046406971,80.119848348,sf_forecast_exog,6
PEDIATRICS,2025-12-26,66.47165423,48.335604354,83.104453157,sf_forecast_exog,6
PEDIATRICS,2025-12-27,61.726886131,43.911146441,78.844400772,sf_forecast_exog,6
PEDIATRICS,2025-12-28,56.847938712,40.562114581,73.682441814,sf_forecast_exog,6
PEDIATRICS,2025-12-29,76.874305407,60.520576269,93.837718158,sf_forecast_exog,6
PEDIATRICS,2025-12-30,75.821064539,58.86376265,92.276294087,sf_forecast_exog,6
PEDIATRICS,2025-12-31,73.888960667,57.298528169,91.732226181,sf_forecast_exog,6
CARDIOLOGY,2025-12-04,56.956390372,42.930891552,71.832979863,sf_forecast_exog,6
CARDIOLOGY,2025-12-05,55.116491359,40.947216207,68.350462249,sf_forecast_exog,6
CARDIOLOGY,2025-12-06,22.267123445,9.613091185,35.099944715,sf_forecast_exog,6
CARDIOLOGY,2025-12-07,17.653329522,5.420146641,29.802210438,sf_forecast_exog,6
CARDIOLOGY,2025-12-08,58.101190215,43.640076322,72.445853993,sf_forecast_exog,6
CARDIOLOGY,2025-12-09,57.514736483,43.347949157,71.877478736,sf_forecast_exog,6
CARDIOLOGY,2025-12-10,61.679554169,46.967818307,75.418063483,sf_forecast_exog,6
CARDIOLOGY,2025-12-11,57.231504315,42.647343051,71.109389908,sf_forecast_exog,6
CARDIOLOGY,2025-12-12,55.030239974,40.908025565,69.299516796,sf_forecast_exog,6
CARDIOLOGY,2025-12-13,21.070045618,8.97575396,33.188592516,sf_forecast_exog,6
CARDIOLOGY,2025-12-14,15.887815014,3.675521601,28.021765126,sf_forecast_exog,6
CARDIOLOGY,2025-12-15,59.340514903,45.099634415,73.677981175,sf_forecast_exog,6
CARDIOLOGY,2025-12-16,57.991789254,43.337377178,71.961806801,sf_forecast_exog,6
CARDIOLOGY,2025-12-17,57.651594552,43.033285912,71.912998227,sf_forecast_exog,6
CARDIOLOGY,2025-12-18,59.369474434,45.03061541,73.591814599,sf_forecast_exog,6
CARDIOLOGY,2025-12-19,54.927553718,40.504536782,69.504633294,sf_forecast_exog,6
CARDIOLOGY,2025-12-20,21.652305807,9.059347223,34.022860115,sf_forecast_exog,6
CARDIOLOGY,2025-12-21,17.355872962,4.901846921,29.261284086,sf_forecast_exog,6
CARDIOLOGY,2025-12-22,57.317171563,42.507699552,72.283547085,sf_forecast_exog,6
CARDIOLOGY,2025-12-23,52.306659482,37.619918095,66.462412961,sf_forecast_exog,6
CARDIOLOGY,2025-12-24,52.500596628,37.508870303,67.095510506,sf_forecast_exog,6
CARDIOLOGY,2025-12-25,46.922058645,32.569864255,61.325939404,sf_forecast_exog,6
CARDIOLOGY,2025-12-26,49.226605974,34.355183974,63.155274441,sf_forecast_exog,6
CARDIOLOGY,2025-12-27,19.472603166,6.68257228,31.927565932,sf_forecast_exog,6
CARDIOLOGY,2025-12-28,14.921455734,2.942486138,27.10081814,sf_forecast_exog,6
CARDIOLOGY,2025-12-29,58.102700576,43.328484836,72.70129447,sf_forecast_exog,6
CARDIOLOGY,2025-12-30,56.922921042,42.637833676,71.10322493,sf_forecast_exog,6
CARDIOLOGY,2025-12-31,56.117434383,41.540256351,70.864792174,sf_forecast_exog,6
ORTHOPEDICS,2025-12-04,27.606555926,18.996689075,36.467267336,sf_forecast_exog,6
ORTHOPEDICS,2025-12-05,25.71849227,17.000335613,34.171143271,sf_forecast_exog,6
ORTHOPEDICS,2025-12-06,8.910486029,0.1156964451,18.129381069,sf_forecast_exog,6
ORTHOPEDICS,2025-12-07,7.096892158,0.0,15.890760286,sf_forecast_exog,6
ORTHOPEDICS,2025-12-08,29.514178052,20.32074877,38.171653884,sf_forecast_exog,6
ORTHOPEDICS,2025-12-09,27.62911648,18.81957195,36.21569977,sf_forecast_exog,6
ORTHOPEDICS,2025-12-10,27.598614817,18.500121268,36.117500316,sf_forecast_exog,6
ORTHOPEDICS,2025-12-11,26.150813984,17.13083955,34.609658991,sf_forecast_exog,6
ORTHOPEDICS,2025-12-12,23.970669212,15.447483938,32.77064608,sf_forecast_exog,6
ORTHOPEDICS,2025-12-13,7.745310837,0.0,16.247565627,sf_forecast_exog,6
ORTHOPEDICS,2025-12-14,6.476310791,0.0,15.161404785,sf_forecast_exog,6
ORTHOPEDICS,2025-12-15,30.149332894,21.328969673,39.044422305,sf_forecast_exog,6
ORTHOPEDICS,2025-12-16,29.297229999,20.537244696,38.056683738,sf_forecast_exog,6
ORTHOPEDICS,2025-12-17,28.388547287,19.493450427,37.323674574,sf_forecast_exog,6
ORTHOPEDICS,2025-12-18,26.196456165,17.628802194,34.938410692,sf_forecast_exog,6
ORTHOPEDICS,2025-12-19,26.417310828,17.461442844,35.639316203,sf_forecast_exog,6
ORTHOPEDICS,2025-12-20,8.077400799,0.0,16.814521466,sf_forecast_exog,6
ORTHOPEDICS,2025-12-21,6.301337914,0.0,14.715595653,sf_forecast_exog,6
ORTHOPEDICS,2025-12-22,31.110929536,22.61924358,40.062424155,sf_forecast_exog,6
ORTHOPEDICS,2025-12-23,29.022028798,20.200932954,37.96134536,sf_forecast_exog,6
ORTHOPEDICS,2025-12-24,30.272189409,21.582763549,39.306013049,sf_forecast_exog,6
ORTHOPEDICS,2025-12-25,25.876118355,17.213168439,34.411041996,sf_forecast_exog,6
ORTHOPEDICS,2025-12-26,28.012263487,18.935238546,36.725950805,sf_forecast_exog,6
ORTHOPEDICS,2025-12-27,10.358249931,1.334599751,19.113159305,sf_forecast_exog,6
ORTHOPEDICS,2025-12-28,7.741808248,0.0,16.40672289,sf_forecast_exog,6
ORTHOPEDICS,2025-12-29,33.926645336,25.692411782,42.488010817,sf_forecast_exog,6
ORTHOPEDICS,2025-12-30,31.614548163,22.888948338,40.206599168,sf_forecast_exog,6
ORTHOPEDICS,2025-12-31,31.0384569,22.641258414,40.065085754,sf_forecast_exog,6
EMERGENCY,2025-12-04,202.704423247,169.757892025,235.650974511,sf_forecast_exog,6
EMERGENCY,2025-12-05,193.563418118,160.414740897,226.712103993,sf_forecast_exog,6
EMERGENCY,2025-12-06,198.530440588,165.180850582,231.880043803,sf_forecast_exog,6
EMERGENCY,2025-12-07,195.834238121,162.284931726,229.383548616,sf_forecast_exog,6
EMERGENCY,2025-12-08,225.57663255,191.828803473,259.324480302,sf_forecast_exog,6
EMERGENCY,2025-12-09,239.556334821,205.611133941,273.501548454,sf_forecast_exog,6
EMERGENCY,2025-12-10,210.809924617,176.668491102,244.95136132,sf_forecast_exog,6
EMERGENCY,2025-12-11,205.150825904,170.814292338,239.487375411,sf_forecast_exog,6
EMERGENCY,2025-12-12,210.889269789,176.358731074,245.419822168,sf_forecast_exog,6
EMERGENCY,2025-12-13,207.220415596,172.496947014,241.943878258,sf_forecast_exog,6
EMERGENCY,2025-12-14,223.470165288,188.554843739,258.385483194,sf_forecast_exog,6
EMERGENCY,2025-12-15,226.791813004,191.685686978,261.897937664,sf_forecast_exog,6
EMERGENCY,2025-12-16,235.677433752,200.381544528,270.973343473,sf_forecast_exog,6
EMERGENCY,2025-12-17,224.183901387,188.699251602,259.668568935,sf_forecast_exog,6
EMERGENCY,2025-12-18,210.788518213,175.116102592,246.460940665,sf_forecast_exog,6
EMERGENCY,2025-12-19,221.690259212,185.831065215,257.549457764,sf_forecast_exog,6
EMERGENCY,2025-12-20,203.62135173,167.576344018,239.666355344,sf_forecast_exog,6
EMERGENCY,2025-12-21,222.802211327,186.572349688,259.032073877,sf_forecast_exog,6
EMERGENCY,2025-12-22,239.104555229,202.690777195,275.518337362,sf_forecast_exog,6
EMERGENCY,2025-12-23,225.836016917,189.239243367,262.432790923,sf_forecast_exog,6
EMERGENCY,2025-12-24,228.10226673,191.323421825,264.881135777,sf_forecast_exog,6
EMERGENCY,2025-12-25,229.148518482,192.188486279,266.108572548,sf_forecast_exog,6
EMERGENCY,2025-12-26,242.393295615,205.252959343,279.533650108,sf_forecast_exog,6
EMERGENCY,2025-12-27,237.073610675,199.753845758,274.393398822,sf_forecast_exog,6
EMERGENCY,2025-12-28,227.171593738,189.673248066,264.669946241,sf_forecast_exog,6
EMERGENCY,2025-12-29,254.632289665,216.956214178,292.308364696,sf_forecast_exog,6
EMERGENCY,2025-12-30,242.059776717,204.206822047,279.912755983,sf_forecast_exog,6
EMERGENCY,2025-12-31,244.265450796,206.236420403,282.294492121,sf_forecast_exog,6
ELECTIVE_SURGERY,2025-12-04,39.635555461,31.32678625,47.950334793,sf_forecast_exog,6
ELECTIVE_SURGERY,2025-12-05,32.156965016,23.79336529,40.514198601,sf_forecast_exog,6
ELECTIVE_SURGERY,2025-12-06,2.214087866,0.0,10.641602378,sf_forecast_exog,6
ELECTIVE_SURGERY,2025-12-07,1.278077182,0.0,9.746989886,sf_forecast_exog,6
ELECTIVE_SURGERY,2025-12-08,36.058896789,27.52916474,44.57578454,sf_forecast_exog,6
ELECTIVE_SURGERY,2025-12-09,37.069500602,28.498102065,45.635616378,sf_forecast_exog,6
ELECTIVE_SURGERY,2025-12-10,41.97664045,33.347639247,50.591749295,sf_forecast_exog,6
ELECTIVE_SURGERY,2025-12-11,31.473744423,22.796310914,40.137727712,sf_forecast_exog,6
ELECTIVE_SURGERY,2025-12-12,28.708396495,19.99285645,37.430571146,sf_forecast_exog,6
ELECTIVE_SURGERY,2025-12-13,2.679698055,0.0,11.444472859,sf_forecast_exog,6
ELECTIVE_SURGERY,2025-12-14,1.879683088,0.0,10.698280948,sf_forecast_exog,6
ELECTIVE_SURGERY,2025-12-15,39.03057864,30.159593545,47.903350231,sf_forecast_exog,6
ELECTIVE_SURGERY,2025-12-16,42.637742159,33.719342363,51.556128049,sf_forecast_exog,6
ELECTIVE_SURGERY,2025-12-17,41.478566253,32.508340173,50.449749043,sf_forecast_exog,6
ELECTIVE_SURGERY,2025-12-18,38.703119726,29.692421709,47.717996103,sf_forecast_exog,6
ELECTIVE_SURGERY,2025-12-19,30.922370668,21.854311406,39.996806993,sf_forecast_exog,6
ELECTIVE_SURGERY,2025-12-20,1.399842058,0.0,10.510465054,sf_forecast_exog,6
ELECTIVE_SURGERY,2025-12-21,1.825761631,0.0,10.976197623,sf_forecast_exog,6
ELECTIVE_SURGERY,2025-12-22,29.283381094,20.083808899,38.493972712,sf_forecast_exog,6
ELECTIVE_SURGERY,2025-12-23,27.277580635,18.02308029,36.534913539,sf_forecast_exog,6
ELECTIVE_SURGERY,2025-12-24,27.523722018,18.225573529,36.830106246,sf_forecast_exog,6
ELECTIVE_SURGERY,2025-12-25,12.185400665,2.841356041,21.526375649,sf_forecast_exog,6
ELECTIVE_SURGERY,2025-12-26,20.879415123,11.479135467,30.270986573,sf_forecast_exog,6
ELECTIVE_SURGERY,2025-12-27,1.317138695,0.0,10.755792508,sf_forecast_exog,6
ELECTIVE_SURGERY,2025-12-28,1.5198366,0.0,11.002180434,sf_forecast_exog,6
ELECTIVE_SURGERY,2025-12-29,37.346089084,27.828160586,46.871578308,sf_forecast_exog,6
ELECTIVE_SURGERY,2025-12-30,32.362384809,22.787566591,41.9340018,sf_forecast_exog,6
ELECTIVE_SURGERY,2025-12-31,33.658070802,24.045870557,43.285271521,sf_forecast_exog,6
ONCOLOGY,2025-12-04,21.613151528,13.730927094,29.668609154,sf_forecast_exog,6
ONCOLOGY,2025-12-05,21.645849444,13.683591003,29.408122551,sf_forecast_exog,6
ONCOLOGY,2025-12-06,3.692595336,0.0,11.72623076,sf_forecast_exog,6
ONCOLOGY,2025-12-07,4.467086967,0.0,12.344526054,sf_forecast_exog,6
ONCOLOGY,2025-12-08,24.909009429,16.906912707,32.837069808,sf_forecast_exog,6
ONCOLOGY,2025-12-09,24.158909688,16.232922914,32.096921635,sf_forecast_exog,6
ONCOLOGY,2025-12-10,21.686764478,13.643106193,29.504536746,sf_forecast_exog,6
ONCOLOGY,2025-12-11,23.064042817,15.046560466,30.903716275,sf_forecast_exog,6
ONCOLOGY,2025-12-12,20.692900425,12.756748596,28.678884867,sf_forecast_exog,6
ONCOLOGY,2025-12-13,4.889518639,0.0,12.745277241,sf_forecast_exog,6
ONCOLOGY,2025-12-14,1.182183959,0.0,9.098341985,sf_forecast_exog,6
ONCOLOGY,2025-12-15,28.835950965,20.911158964,36.784518767,sf_forecast_exog,6
ONCOLOGY,2025-12-16,28.568914404,20.564897934,36.452419579,sf_forecast_exog,6
ONCOLOGY,2025-12-17,23.675261795,15.669783801,31.622304406,sf_forecast_exog,6
ONCOLOGY,2025-12-18,22.790726849,14.861745391,30.715734966,sf_forecast_exog,6
ONCOLOGY,2025-12-19,24.44184152,16.415529585,32.518431954,sf_forecast_exog,6
ONCOLOGY,2025-12-20,2.891738857,0.0,10.821861489,sf_forecast_exog,6
ONCOLOGY,2025-12-21,5.097896211,0.0,12.979945838,sf_forecast_exog,6
ONCOLOGY,2025-12-22,23.74655938,15.759926805,31.806014014,sf_forecast_exog,6
ONCOLOGY,2025-12-23,21.311930721,13.298472092,29.242752738,sf_forecast_exog,6
ONCOLOGY,2025-12-24,18.302511154,10.254281201,26.314722445,sf_forecast_exog,6
ONCOLOGY,2025-12-25,11.087584538,3.148971564,19.021900948,sf_forecast_exog,6
ONCOLOGY,2025-12-26,18.97206682,10.851872685,26.88226491,sf_forecast_exog,6
ONCOLOGY,2025-12-27,4.111232155,0.0,12.084204496,sf_forecast_exog,6
ONCOLOGY,2025-12-28,2.270203295,0.0,10.238031267,sf_forecast_exog,6
ONCOLOGY,2025-12-29,25.633060609,17.682466734,33.587927712,sf_forecast_exog,6
ONCOLOGY,2025-12-30,20.542210058,12.610271525,28.442625456,sf_forecast_exog,6
ONCOLOGY,2025-12-31,21.255059088,13.310826348,29.291613159,sf_forecast_exog,6
